"","X","yearID","lgID","teamID","franchID","Rank","G","R","AB","H","HR"
"1200",1200,1951,"AL","NYA","NYY",1,154,798,5194,1395,140
"1201",1201,1951,"AL","CLE","CLE",2,155,696,5250,1346,140
"1202",1202,1951,"AL","BOS","BOS",3,154,804,5378,1428,127
"1203",1203,1951,"AL","CHA","CHW",4,155,714,5378,1453,86
"1204",1204,1951,"AL","DET","DET",5,154,685,5336,1413,104
"1205",1205,1951,"AL","PHA","OAK",6,154,736,5277,1381,102
"1206",1206,1951,"AL","WS1","MIN",7,154,672,5329,1399,54
"1207",1207,1951,"AL","SLA","BAL",8,154,611,5219,1288,86
"1208",1208,1951,"NL","NY1","SFG",1,157,781,5360,1396,179
"1209",1209,1951,"NL","BRO","LAD",2,158,855,5492,1511,184
"1210",1210,1951,"NL","SLN","STL",3,155,683,5317,1404,95
"1211",1211,1951,"NL","BSN","ATL",4,155,723,5293,1385,130
"1212",1212,1951,"NL","PHI","PHI",5,154,648,5332,1384,108
"1213",1213,1951,"NL","CIN","CIN",6,155,559,5285,1309,88
"1214",1214,1951,"NL","PIT","PIT",7,155,689,5318,1372,137
"1215",1215,1951,"NL","CHN","CHC",8,155,614,5307,1327,103
"1216",1216,1952,"AL","NYA","NYY",1,154,727,5294,1411,129
"1217",1217,1952,"AL","CLE","CLE",2,155,763,5330,1399,148
"1218",1218,1952,"AL","CHA","CHW",3,156,610,5316,1337,80
"1219",1219,1952,"AL","PHA","OAK",4,155,664,5163,1305,89
"1220",1220,1952,"AL","WS1","MIN",5,157,598,5357,1282,50
"1221",1221,1952,"AL","BOS","BOS",6,154,668,5246,1338,113
"1222",1222,1952,"AL","SLA","BAL",7,155,604,5353,1340,82
"1223",1223,1952,"AL","DET","DET",8,156,557,5258,1278,103
"1224",1224,1952,"NL","BRO","LAD",1,155,775,5266,1380,153
"1225",1225,1952,"NL","NY1","SFG",2,154,722,5229,1337,151
"1226",1226,1952,"NL","SLN","STL",3,154,677,5200,1386,97
"1227",1227,1952,"NL","PHI","PHI",4,154,657,5205,1353,93
"1228",1228,1952,"NL","CHN","CHC",5,155,628,5330,1408,107
"1229",1229,1952,"NL","CIN","CIN",6,154,615,5234,1303,104
"1230",1230,1952,"NL","BSN","ATL",7,155,569,5221,1214,110
"1231",1231,1952,"NL","PIT","PIT",8,155,515,5193,1201,92
"1232",1232,1953,"AL","NYA","NYY",1,151,801,5194,1420,139
"1233",1233,1953,"AL","CLE","CLE",2,155,770,5285,1426,160
"1234",1234,1953,"AL","CHA","CHW",3,156,716,5212,1345,74
"1235",1235,1953,"AL","BOS","BOS",4,153,656,5246,1385,101
"1236",1236,1953,"AL","WS1","MIN",5,152,687,5149,1354,69
"1237",1237,1953,"AL","DET","DET",6,158,695,5553,1479,108
"1238",1238,1953,"AL","PHA","OAK",7,157,632,5455,1398,116
"1239",1239,1953,"AL","SLA","BAL",8,154,555,5264,1310,112
"1240",1240,1953,"NL","BRO","LAD",1,155,955,5373,1529,208
"1241",1241,1953,"NL","ML1","ATL",2,157,738,5349,1422,156
"1242",1242,1953,"NL","PHI","PHI",3,156,716,5290,1400,115
"1243",1243,1953,"NL","SLN","STL",3,157,768,5397,1474,140
"1244",1244,1953,"NL","NY1","SFG",5,155,768,5362,1452,176
"1245",1245,1953,"NL","CIN","CIN",6,155,714,5343,1396,166
"1246",1246,1953,"NL","CHN","CHC",7,155,633,5272,1372,137
"1247",1247,1953,"NL","PIT","PIT",8,154,622,5253,1297,99
"1248",1248,1954,"AL","CLE","CLE",1,156,746,5222,1368,156
"1249",1249,1954,"AL","NYA","NYY",2,155,805,5226,1400,133
"1250",1250,1954,"AL","CHA","CHW",3,155,711,5168,1382,94
"1251",1251,1954,"AL","BOS","BOS",4,156,700,5399,1436,123
"1252",1252,1954,"AL","DET","DET",5,155,584,5233,1351,90
"1253",1253,1954,"AL","WS1","MIN",6,155,632,5249,1292,81
"1254",1254,1954,"AL","BAL","BAL",7,154,483,5206,1309,52
"1255",1255,1954,"AL","PHA","OAK",8,156,542,5206,1228,94
"1256",1256,1954,"NL","NY1","SFG",1,154,732,5245,1386,186
"1257",1257,1954,"NL","BRO","LAD",2,154,778,5251,1418,186
"1258",1258,1954,"NL","ML1","ATL",3,154,670,5261,1395,139
"1259",1259,1954,"NL","PHI","PHI",4,154,659,5184,1384,102
"1260",1260,1954,"NL","CIN","CIN",5,154,729,5234,1369,147
"1261",1261,1954,"NL","SLN","STL",6,154,799,5405,1518,119
"1262",1262,1954,"NL","CHN","CHC",7,154,700,5359,1412,159
"1263",1263,1954,"NL","PIT","PIT",8,154,557,5088,1260,76
"1264",1264,1955,"AL","NYA","NYY",1,154,762,5161,1342,175
"1265",1265,1955,"AL","CLE","CLE",2,154,698,5146,1325,148
"1266",1266,1955,"AL","CHA","CHW",3,155,725,5220,1401,116
"1267",1267,1955,"AL","BOS","BOS",4,154,755,5273,1392,137
"1268",1268,1955,"AL","DET","DET",5,154,775,5283,1407,130
"1269",1269,1955,"AL","KC1","OAK",6,155,638,5335,1395,121
"1270",1270,1955,"AL","BAL","BAL",7,156,540,5257,1263,54
"1271",1271,1955,"AL","WS1","MIN",8,154,598,5142,1277,80
"1272",1272,1955,"NL","BRO","LAD",1,154,857,5193,1406,201
"1273",1273,1955,"NL","ML1","ATL",2,154,743,5277,1377,182
"1274",1274,1955,"NL","NY1","SFG",3,154,702,5288,1377,169
"1275",1275,1955,"NL","PHI","PHI",4,154,675,5092,1300,132
"1276",1276,1955,"NL","CIN","CIN",5,154,761,5270,1424,181
"1277",1277,1955,"NL","CHN","CHC",6,154,626,5214,1287,164
"1278",1278,1955,"NL","SLN","STL",7,154,654,5266,1375,143
"1279",1279,1955,"NL","PIT","PIT",8,154,560,5173,1262,91
"1280",1280,1956,"AL","NYA","NYY",1,154,857,5312,1433,190
"1281",1281,1956,"AL","CLE","CLE",2,155,712,5148,1256,153
"1282",1282,1956,"AL","CHA","CHW",3,154,776,5286,1412,128
"1283",1283,1956,"AL","BOS","BOS",4,155,780,5349,1473,139
"1284",1284,1956,"AL","DET","DET",5,155,789,5364,1494,150
"1285",1285,1956,"AL","BAL","BAL",6,154,571,5090,1242,91
"1286",1286,1956,"AL","WS1","MIN",7,155,652,5202,1302,112
"1287",1287,1956,"AL","KC1","OAK",8,154,619,5256,1325,112
"1288",1288,1956,"NL","BRO","LAD",1,154,720,5098,1315,179
"1289",1289,1956,"NL","ML1","ATL",2,155,709,5207,1350,177
"1290",1290,1956,"NL","CIN","CIN",3,155,775,5291,1406,221
"1291",1291,1956,"NL","SLN","STL",4,156,678,5378,1443,124
"1292",1292,1956,"NL","PHI","PHI",5,154,668,5204,1313,121
"1293",1293,1956,"NL","NY1","SFG",6,154,540,5190,1268,145
"1294",1294,1956,"NL","PIT","PIT",7,157,588,5221,1340,110
"1295",1295,1956,"NL","CHN","CHC",8,157,597,5260,1281,142
"1296",1296,1957,"AL","NYA","NYY",1,154,723,5271,1412,145
"1297",1297,1957,"AL","CHA","CHW",2,155,707,5265,1369,106
"1298",1298,1957,"AL","BOS","BOS",3,154,721,5267,1380,153
"1299",1299,1957,"AL","DET","DET",4,154,614,5348,1376,116
"1300",1300,1957,"AL","BAL","BAL",5,154,597,5264,1326,87
"1301",1301,1957,"AL","CLE","CLE",6,153,682,5171,1304,140
"1302",1302,1957,"AL","KC1","OAK",7,154,563,5170,1262,166
"1303",1303,1957,"AL","WS1","MIN",8,154,603,5231,1274,111
"1304",1304,1957,"NL","ML1","ATL",1,155,772,5458,1469,199
"1305",1305,1957,"NL","SLN","STL",2,154,737,5472,1497,132
"1306",1306,1957,"NL","BRO","LAD",3,154,690,5242,1325,147
"1307",1307,1957,"NL","CIN","CIN",4,154,747,5389,1452,187
"1308",1308,1957,"NL","PHI","PHI",5,156,623,5241,1311,117
"1309",1309,1957,"NL","NY1","SFG",6,154,643,5346,1349,157
"1310",1310,1957,"NL","CHN","CHC",7,156,628,5369,1312,147
"1311",1311,1957,"NL","PIT","PIT",7,155,586,5402,1447,92
"1312",1312,1958,"AL","NYA","NYY",1,155,759,5294,1418,164
"1313",1313,1958,"AL","CHA","CHW",2,155,634,5249,1348,101
"1314",1314,1958,"AL","BOS","BOS",3,155,697,5218,1335,155
"1315",1315,1958,"AL","CLE","CLE",4,153,694,5201,1340,161
"1316",1316,1958,"AL","DET","DET",5,154,659,5194,1384,109
"1317",1317,1958,"AL","BAL","BAL",6,154,521,5111,1233,108
"1318",1318,1958,"AL","KC1","OAK",7,156,642,5261,1297,138
"1319",1319,1958,"AL","WS1","MIN",8,156,553,5156,1240,121
"1320",1320,1958,"NL","ML1","ATL",1,154,675,5225,1388,167
"1321",1321,1958,"NL","PIT","PIT",2,154,662,5247,1386,134
"1322",1322,1958,"NL","SFN","SFG",3,154,727,5318,1399,170
"1323",1323,1958,"NL","CIN","CIN",4,154,695,5273,1359,123
"1324",1324,1958,"NL","CHN","CHC",5,154,709,5289,1402,182
"1325",1325,1958,"NL","SLN","STL",5,154,619,5255,1371,111
"1326",1326,1958,"NL","LAN","LAD",7,154,668,5173,1297,172
"1327",1327,1958,"NL","PHI","PHI",8,154,664,5363,1424,124
"1328",1328,1959,"AL","CHA","CHW",1,156,669,5297,1325,97
"1329",1329,1959,"AL","CLE","CLE",2,154,745,5288,1390,167
"1330",1330,1959,"AL","NYA","NYY",3,155,687,5379,1397,153
"1331",1331,1959,"AL","DET","DET",4,154,713,5211,1346,160
"1332",1332,1959,"AL","BOS","BOS",5,154,726,5225,1335,125
"1333",1333,1959,"AL","BAL","BAL",6,155,551,5208,1240,109
"1334",1334,1959,"AL","KC1","OAK",7,154,681,5264,1383,117
"1335",1335,1959,"AL","WS1","MIN",8,154,619,5092,1205,163
"1336",1336,1959,"NL","LAN","LAD",1,156,705,5282,1360,148
"1337",1337,1959,"NL","ML1","ATL",2,157,724,5388,1426,177
"1338",1338,1959,"NL","SFN","SFG",3,154,705,5281,1377,167
"1339",1339,1959,"NL","PIT","PIT",4,155,651,5369,1414,112
"1340",1340,1959,"NL","CHN","CHC",5,155,673,5296,1321,163
"1341",1341,1959,"NL","CIN","CIN",5,154,764,5288,1448,161
"1342",1342,1959,"NL","SLN","STL",7,154,641,5317,1432,118
"1343",1343,1959,"NL","PHI","PHI",8,155,599,5109,1237,113
"1344",1344,1960,"AL","NYA","NYY",1,155,746,5290,1377,193
"1345",1345,1960,"AL","BAL","BAL",2,154,682,5170,1307,123
"1346",1346,1960,"AL","CHA","CHW",3,154,741,5191,1402,112
"1347",1347,1960,"AL","CLE","CLE",4,154,667,5296,1415,127
"1348",1348,1960,"AL","WS1","MIN",5,154,672,5248,1283,147
"1349",1349,1960,"AL","DET","DET",6,154,633,5202,1243,150
"1350",1350,1960,"AL","BOS","BOS",7,154,658,5215,1359,124
"1351",1351,1960,"AL","KC1","OAK",8,155,615,5226,1303,110
"1352",1352,1960,"NL","PIT","PIT",1,155,734,5406,1493,120
"1353",1353,1960,"NL","ML1","ATL",2,154,724,5263,1393,170
"1354",1354,1960,"NL","SLN","STL",3,155,639,5187,1317,138
"1355",1355,1960,"NL","LAN","LAD",4,154,662,5227,1333,126
"1356",1356,1960,"NL","SFN","SFG",5,156,671,5324,1357,130
"1357",1357,1960,"NL","CIN","CIN",6,154,640,5289,1324,140
"1358",1358,1960,"NL","CHN","CHC",7,156,634,5311,1293,119
"1359",1359,1960,"NL","PHI","PHI",8,154,546,5169,1235,99
"1360",1360,1961,"AL","NYA","NYY",1,163,827,5559,1461,240
"1361",1361,1961,"AL","DET","DET",2,163,841,5561,1481,180
"1362",1362,1961,"AL","BAL","BAL",3,163,691,5481,1393,149
"1363",1363,1961,"AL","CHA","CHW",4,163,765,5556,1475,138
"1364",1364,1961,"AL","CLE","CLE",5,161,737,5609,1493,150
"1365",1365,1961,"AL","BOS","BOS",6,163,729,5508,1401,112
"1366",1366,1961,"AL","MIN","MIN",7,161,707,5417,1353,167
"1367",1367,1961,"AL","LAA","ANA",8,162,744,5424,1331,189
"1368",1368,1961,"AL","KC1","OAK",9,162,683,5423,1342,90
"1369",1369,1961,"AL","WS2","TEX",9,161,618,5366,1307,119
"1370",1370,1961,"NL","CIN","CIN",1,154,710,5243,1414,158
"1371",1371,1961,"NL","LAN","LAD",2,154,735,5189,1358,157
"1372",1372,1961,"NL","SFN","SFG",3,155,773,5233,1379,183
"1373",1373,1961,"NL","ML1","ATL",4,155,712,5288,1365,188
"1374",1374,1961,"NL","SLN","STL",5,155,703,5307,1436,103
"1375",1375,1961,"NL","PIT","PIT",6,154,694,5311,1448,128
"1376",1376,1961,"NL","CHN","CHC",7,156,689,5344,1364,176
"1377",1377,1961,"NL","PHI","PHI",8,155,584,5213,1265,103
"1378",1378,1962,"AL","NYA","NYY",1,162,817,5644,1509,199
"1379",1379,1962,"AL","MIN","MIN",2,163,798,5561,1445,185
"1380",1380,1962,"AL","LAA","ANA",3,162,718,5499,1377,137
"1381",1381,1962,"AL","DET","DET",4,161,758,5456,1352,209
"1382",1382,1962,"AL","CHA","CHW",5,162,707,5514,1415,92
"1383",1383,1962,"AL","CLE","CLE",6,162,682,5484,1341,180
"1384",1384,1962,"AL","BAL","BAL",7,162,652,5491,1363,156
"1385",1385,1962,"AL","BOS","BOS",8,160,707,5530,1429,146
"1386",1386,1962,"AL","KC1","OAK",9,162,745,5576,1467,116
"1387",1387,1962,"AL","WS2","TEX",10,162,599,5484,1370,132
"1388",1388,1962,"NL","SFN","SFG",1,165,878,5588,1552,204
"1389",1389,1962,"NL","LAN","LAD",2,165,842,5628,1510,140
"1390",1390,1962,"NL","CIN","CIN",3,162,802,5645,1523,167
"1391",1391,1962,"NL","PIT","PIT",4,161,706,5483,1468,108
"1392",1392,1962,"NL","ML1","ATL",5,162,730,5458,1376,181
"1393",1393,1962,"NL","SLN","STL",6,163,774,5643,1528,137
"1394",1394,1962,"NL","PHI","PHI",7,161,705,5420,1410,142
"1395",1395,1962,"NL","HOU","HOU",8,162,592,5558,1370,105
"1396",1396,1962,"NL","CHN","CHC",9,162,632,5534,1398,126
"1397",1397,1962,"NL","NYN","NYM",10,161,617,5492,1318,139
"1398",1398,1963,"AL","NYA","NYY",1,161,714,5506,1387,188
"1399",1399,1963,"AL","CHA","CHW",2,162,683,5508,1379,114
"1400",1400,1963,"AL","MIN","MIN",3,161,767,5531,1408,225
"1401",1401,1963,"AL","BAL","BAL",4,162,644,5448,1359,146
"1402",1402,1963,"AL","CLE","CLE",5,162,635,5496,1314,169
"1403",1403,1963,"AL","DET","DET",5,162,700,5500,1388,148
"1404",1404,1963,"AL","BOS","BOS",7,161,666,5575,1403,171
"1405",1405,1963,"AL","KC1","OAK",8,162,615,5495,1356,95
"1406",1406,1963,"AL","LAA","ANA",9,161,597,5506,1378,95
"1407",1407,1963,"AL","WS2","TEX",10,162,578,5446,1237,138
"1408",1408,1963,"NL","LAN","LAD",1,163,640,5428,1361,110
"1409",1409,1963,"NL","SLN","STL",2,162,747,5678,1540,128
"1410",1410,1963,"NL","SFN","SFG",3,162,725,5579,1442,197
"1411",1411,1963,"NL","PHI","PHI",4,162,642,5524,1390,126
"1412",1412,1963,"NL","CIN","CIN",5,162,648,5416,1333,122
"1413",1413,1963,"NL","ML1","ATL",6,163,677,5518,1345,139
"1414",1414,1963,"NL","CHN","CHC",7,162,570,5404,1286,127
"1415",1415,1963,"NL","PIT","PIT",8,162,567,5536,1385,108
"1416",1416,1963,"NL","HOU","HOU",9,162,464,5384,1184,62
"1417",1417,1963,"NL","NYN","NYM",10,162,501,5336,1168,96
"1418",1418,1964,"AL","NYA","NYY",1,164,730,5705,1442,162
"1419",1419,1964,"AL","CHA","CHW",2,162,642,5491,1356,106
"1420",1420,1964,"AL","BAL","BAL",3,163,679,5463,1357,162
"1421",1421,1964,"AL","DET","DET",4,163,699,5513,1394,157
"1422",1422,1964,"AL","LAA","ANA",5,162,544,5362,1297,102
"1423",1423,1964,"AL","CLE","CLE",6,164,689,5603,1386,164
"1424",1424,1964,"AL","MIN","MIN",6,163,737,5610,1413,221
"1425",1425,1964,"AL","BOS","BOS",8,162,688,5513,1425,186
"1426",1426,1964,"AL","WS2","TEX",9,162,578,5396,1246,125
"1427",1427,1964,"AL","KC1","OAK",10,163,621,5524,1321,166
"1428",1428,1964,"NL","SLN","STL",1,162,715,5625,1531,109
"1429",1429,1964,"NL","CIN","CIN",2,163,660,5561,1383,130
"1430",1430,1964,"NL","PHI","PHI",2,162,693,5493,1415,130
"1431",1431,1964,"NL","SFN","SFG",4,162,656,5535,1360,165
"1432",1432,1964,"NL","ML1","ATL",5,162,803,5591,1522,159
"1433",1433,1964,"NL","LAN","LAD",6,164,614,5499,1375,79
"1434",1434,1964,"NL","PIT","PIT",6,162,663,5566,1469,121
"1435",1435,1964,"NL","CHN","CHC",8,162,649,5545,1391,145
"1436",1436,1964,"NL","HOU","HOU",9,162,495,5303,1214,70
"1437",1437,1964,"NL","NYN","NYM",10,163,569,5566,1372,103
"1438",1438,1965,"AL","MIN","MIN",1,162,774,5488,1396,150
"1439",1439,1965,"AL","CHA","CHW",2,162,647,5509,1354,125
"1440",1440,1965,"AL","BAL","BAL",3,162,641,5450,1299,125
"1441",1441,1965,"AL","DET","DET",4,162,680,5368,1278,162
"1442",1442,1965,"AL","CLE","CLE",5,162,663,5469,1367,156
"1443",1443,1965,"AL","NYA","NYY",6,162,611,5470,1286,149
"1444",1444,1965,"AL","CAL","ANA",7,162,527,5354,1279,92
"1445",1445,1965,"AL","WS2","TEX",8,162,591,5374,1227,136
"1446",1446,1965,"AL","BOS","BOS",9,162,669,5487,1378,165
"1447",1447,1965,"AL","KC1","OAK",10,162,585,5393,1294,110
"1448",1448,1965,"NL","LAN","LAD",1,162,608,5425,1329,78
"1449",1449,1965,"NL","SFN","SFG",2,163,682,5495,1384,159
"1450",1450,1965,"NL","PIT","PIT",3,163,675,5686,1506,111
"1451",1451,1965,"NL","CIN","CIN",4,162,825,5658,1544,183
"1452",1452,1965,"NL","ML1","ATL",5,162,708,5542,1419,196
"1453",1453,1965,"NL","PHI","PHI",6,162,654,5528,1380,144
"1454",1454,1965,"NL","SLN","STL",7,162,707,5579,1415,109
"1455",1455,1965,"NL","CHN","CHC",8,164,635,5540,1316,134
"1456",1456,1965,"NL","HOU","HOU",9,162,569,5483,1299,97
"1457",1457,1965,"NL","NYN","NYM",10,164,495,5441,1202,107
"1458",1458,1966,"AL","BAL","BAL",1,160,755,5529,1426,175
"1459",1459,1966,"AL","MIN","MIN",2,162,663,5390,1341,144
"1460",1460,1966,"AL","DET","DET",3,162,719,5507,1383,179
"1461",1461,1966,"AL","CHA","CHW",4,163,574,5348,1235,87
"1462",1462,1966,"AL","CLE","CLE",5,162,574,5474,1300,155
"1463",1463,1966,"AL","CAL","ANA",6,162,604,5360,1244,122
"1464",1464,1966,"AL","KC1","OAK",7,160,564,5328,1259,70
"1465",1465,1966,"AL","WS2","TEX",8,159,557,5318,1245,126
"1466",1466,1966,"AL","BOS","BOS",9,162,655,5498,1318,145
"1467",1467,1966,"AL","NYA","NYY",10,160,611,5330,1254,162
"1468",1468,1966,"NL","LAN","LAD",1,162,606,5471,1399,108
"1469",1469,1966,"NL","SFN","SFG",2,161,675,5539,1373,181
"1470",1470,1966,"NL","PIT","PIT",3,162,759,5676,1586,158
"1471",1471,1966,"NL","PHI","PHI",4,162,696,5607,1448,117
"1472",1472,1966,"NL","ATL","ATL",5,163,782,5617,1476,207
"1473",1473,1966,"NL","SLN","STL",6,162,571,5480,1377,108
"1474",1474,1966,"NL","CIN","CIN",7,160,692,5521,1434,149
"1475",1475,1966,"NL","HOU","HOU",8,163,612,5511,1405,112
"1476",1476,1966,"NL","NYN","NYM",9,161,587,5371,1286,98
"1477",1477,1966,"NL","CHN","CHC",10,162,644,5592,1418,140
"1478",1478,1967,"AL","BOS","BOS",1,162,722,5471,1394,158
"1479",1479,1967,"AL","DET","DET",2,163,683,5410,1315,152
"1480",1480,1967,"AL","MIN","MIN",2,164,671,5458,1309,131
"1481",1481,1967,"AL","CHA","CHW",4,162,531,5383,1209,89
"1482",1482,1967,"AL","CAL","ANA",5,161,567,5307,1265,114
"1483",1483,1967,"AL","BAL","BAL",6,161,654,5456,1312,138
"1484",1484,1967,"AL","WS2","TEX",6,161,550,5441,1211,115
"1485",1485,1967,"AL","CLE","CLE",8,162,559,5461,1282,131
"1486",1486,1967,"AL","NYA","NYY",9,163,522,5443,1225,100
"1487",1487,1967,"AL","KC1","OAK",10,161,533,5349,1244,69
"1488",1488,1967,"NL","SLN","STL",1,161,695,5566,1462,115
"1489",1489,1967,"NL","SFN","SFG",2,162,652,5524,1354,140
"1490",1490,1967,"NL","CHN","CHC",3,162,702,5463,1373,128
"1491",1491,1967,"NL","CIN","CIN",4,162,604,5519,1366,109
"1492",1492,1967,"NL","PHI","PHI",5,162,612,5401,1306,103
"1493",1493,1967,"NL","PIT","PIT",6,163,679,5724,1585,91
"1494",1494,1967,"NL","ATL","ATL",7,162,631,5450,1307,158
"1495",1495,1967,"NL","LAN","LAD",8,162,519,5456,1285,82
"1496",1496,1967,"NL","HOU","HOU",9,162,626,5506,1372,93
"1497",1497,1967,"NL","NYN","NYM",10,162,498,5417,1288,83
"1498",1498,1968,"AL","DET","DET",1,164,671,5490,1292,185
"1499",1499,1968,"AL","BAL","BAL",2,162,579,5275,1187,133
"1500",1500,1968,"AL","CLE","CLE",3,162,516,5416,1266,75
"1501",1501,1968,"AL","BOS","BOS",4,162,614,5303,1253,125
"1502",1502,1968,"AL","NYA","NYY",5,164,536,5310,1137,109
"1503",1503,1968,"AL","OAK","OAK",6,163,569,5406,1300,94
"1504",1504,1968,"AL","MIN","MIN",7,162,562,5373,1274,105
"1505",1505,1968,"AL","CAL","ANA",8,162,498,5331,1209,83
"1506",1506,1968,"AL","CHA","CHW",8,162,463,5405,1233,71
"1507",1507,1968,"AL","WS2","TEX",10,161,524,5400,1208,124
"1508",1508,1968,"NL","SLN","STL",1,162,583,5561,1383,73
"1509",1509,1968,"NL","SFN","SFG",2,163,599,5441,1301,108
"1510",1510,1968,"NL","CHN","CHC",3,163,612,5458,1319,130
"1511",1511,1968,"NL","CIN","CIN",4,163,690,5767,1573,106
"1512",1512,1968,"NL","ATL","ATL",5,163,514,5552,1399,80
"1513",1513,1968,"NL","PIT","PIT",6,163,583,5569,1404,80
"1514",1514,1968,"NL","LAN","LAD",7,162,470,5354,1234,67
"1515",1515,1968,"NL","PHI","PHI",7,162,543,5372,1253,100
"1516",1516,1968,"NL","NYN","NYM",9,163,473,5503,1252,81
"1517",1517,1968,"NL","HOU","HOU",10,162,510,5336,1233,66
"1518",1518,1969,"AL","BAL","BAL",1,162,779,5518,1465,175
"1519",1519,1969,"AL","DET","DET",2,162,701,5441,1316,182
"1520",1520,1969,"AL","BOS","BOS",3,162,743,5494,1381,197
"1521",1521,1969,"AL","WS2","TEX",4,162,694,5447,1365,148
"1522",1522,1969,"AL","NYA","NYY",5,162,562,5308,1247,94
"1523",1523,1969,"AL","CLE","CLE",6,161,573,5365,1272,119
"1524",1524,1969,"AL","MIN","MIN",1,162,790,5677,1520,163
"1525",1525,1969,"AL","OAK","OAK",2,162,740,5614,1400,148
"1526",1526,1969,"AL","CAL","ANA",3,163,528,5316,1221,88
"1527",1527,1969,"AL","KCA","KCR",4,163,586,5462,1311,98
"1528",1528,1969,"AL","CHA","CHW",5,162,625,5450,1346,112
"1529",1529,1969,"AL","SE1","MIL",6,163,639,5444,1276,125
"1530",1530,1969,"NL","NYN","NYM",1,162,632,5427,1311,109
"1531",1531,1969,"NL","CHN","CHC",2,163,720,5530,1400,142
"1532",1532,1969,"NL","PIT","PIT",3,162,725,5626,1557,119
"1533",1533,1969,"NL","SLN","STL",4,162,595,5536,1403,90
"1534",1534,1969,"NL","PHI","PHI",5,162,645,5408,1304,137
"1535",1535,1969,"NL","MON","WSN",6,162,582,5419,1300,125
"1536",1536,1969,"NL","ATL","ATL",1,162,691,5460,1411,141
"1537",1537,1969,"NL","SFN","SFG",2,162,713,5474,1325,136
"1538",1538,1969,"NL","CIN","CIN",3,163,798,5634,1558,171
"1539",1539,1969,"NL","LAN","LAD",4,162,645,5532,1405,97
"1540",1540,1969,"NL","HOU","HOU",5,162,676,5348,1284,104
"1541",1541,1969,"NL","SDN","SDP",6,162,468,5357,1203,99
"1542",1542,1970,"AL","BAL","BAL",1,162,792,5545,1424,179
"1543",1543,1970,"AL","NYA","NYY",2,163,680,5492,1381,111
"1544",1544,1970,"AL","BOS","BOS",3,162,786,5535,1450,203
"1545",1545,1970,"AL","DET","DET",4,162,666,5377,1282,148
"1546",1546,1970,"AL","CLE","CLE",5,162,649,5463,1358,183
"1547",1547,1970,"AL","WS2","TEX",6,162,626,5460,1302,138
"1548",1548,1970,"AL","MIN","MIN",1,162,744,5483,1438,153
"1549",1549,1970,"AL","OAK","OAK",2,162,678,5376,1338,171
"1550",1550,1970,"AL","CAL","ANA",3,162,631,5532,1391,114
"1551",1551,1970,"AL","KCA","KCR",4,162,611,5503,1341,97
"1552",1552,1970,"AL","ML4","MIL",4,163,613,5395,1305,126
"1553",1553,1970,"AL","CHA","CHW",6,162,633,5514,1394,123
"1554",1554,1970,"NL","PIT","PIT",1,162,729,5637,1522,130
"1555",1555,1970,"NL","CHN","CHC",2,162,806,5491,1424,179
"1556",1556,1970,"NL","NYN","NYM",3,162,695,5443,1358,120
"1557",1557,1970,"NL","SLN","STL",4,162,744,5689,1497,113
"1558",1558,1970,"NL","PHI","PHI",5,161,594,5456,1299,101
"1559",1559,1970,"NL","MON","WSN",6,162,687,5411,1284,136
"1560",1560,1970,"NL","CIN","CIN",1,162,775,5540,1498,191
"1561",1561,1970,"NL","LAN","LAD",2,161,749,5606,1515,87
"1562",1562,1970,"NL","SFN","SFG",3,162,831,5578,1460,165
"1563",1563,1970,"NL","HOU","HOU",4,162,744,5574,1446,129
"1564",1564,1970,"NL","ATL","ATL",5,162,736,5546,1495,160
"1565",1565,1970,"NL","SDN","SDP",6,162,681,5494,1353,172
"1566",1566,1971,"AL","BAL","BAL",1,158,742,5303,1382,158
"1567",1567,1971,"AL","DET","DET",2,162,701,5502,1399,179
"1568",1568,1971,"AL","BOS","BOS",3,162,691,5401,1360,161
"1569",1569,1971,"AL","NYA","NYY",4,162,648,5413,1377,97
"1570",1570,1971,"AL","WS2","TEX",5,159,537,5290,1219,86
"1571",1571,1971,"AL","CLE","CLE",6,162,543,5467,1303,109
"1572",1572,1971,"AL","OAK","OAK",1,161,691,5494,1383,160
"1573",1573,1971,"AL","KCA","KCR",2,161,603,5295,1323,80
"1574",1574,1971,"AL","CHA","CHW",3,162,617,5382,1346,138
"1575",1575,1971,"AL","CAL","ANA",4,162,511,5495,1271,96
"1576",1576,1971,"AL","MIN","MIN",5,160,654,5414,1406,116
"1577",1577,1971,"AL","ML4","MIL",6,161,534,5185,1188,104
"1578",1578,1971,"NL","PIT","PIT",1,162,788,5674,1555,154
"1579",1579,1971,"NL","SLN","STL",2,163,739,5610,1542,95
"1580",1580,1971,"NL","CHN","CHC",3,162,637,5438,1401,128
"1581",1581,1971,"NL","NYN","NYM",3,162,588,5477,1365,98
"1582",1582,1971,"NL","MON","WSN",5,162,622,5335,1312,88
"1583",1583,1971,"NL","PHI","PHI",6,162,558,5538,1289,123
"1584",1584,1971,"NL","SFN","SFG",1,162,706,5461,1348,140
"1585",1585,1971,"NL","LAN","LAD",2,162,663,5523,1469,95
"1586",1586,1971,"NL","ATL","ATL",3,162,643,5575,1434,153
"1587",1587,1971,"NL","CIN","CIN",4,162,586,5414,1306,138
"1588",1588,1971,"NL","HOU","HOU",4,162,585,5492,1319,71
"1589",1589,1971,"NL","SDN","SDP",6,161,486,5366,1250,96
"1590",1590,1972,"AL","DET","DET",1,156,558,5099,1206,122
"1591",1591,1972,"AL","BOS","BOS",2,155,640,5208,1289,124
"1592",1592,1972,"AL","BAL","BAL",3,154,519,5028,1153,100
"1593",1593,1972,"AL","NYA","NYY",4,155,557,5168,1288,103
"1594",1594,1972,"AL","CLE","CLE",5,156,472,5207,1220,91
"1595",1595,1972,"AL","ML4","MIL",6,156,493,5124,1204,88
"1596",1596,1972,"AL","OAK","OAK",1,155,604,5200,1248,134
"1597",1597,1972,"AL","CHA","CHW",2,154,566,5083,1208,108
"1598",1598,1972,"AL","MIN","MIN",3,154,537,5234,1277,93
"1599",1599,1972,"AL","KCA","KCR",4,154,580,5167,1317,78
"1600",1600,1972,"AL","CAL","ANA",5,155,454,5165,1249,78
"1601",1601,1972,"AL","TEX","TEX",6,154,461,5029,1092,56
"1602",1602,1972,"NL","PIT","PIT",1,155,691,5490,1505,110
"1603",1603,1972,"NL","CHN","CHC",2,156,685,5247,1346,133
"1604",1604,1972,"NL","NYN","NYM",3,156,528,5135,1154,105
"1605",1605,1972,"NL","SLN","STL",4,156,568,5326,1383,70
"1606",1606,1972,"NL","MON","WSN",5,156,513,5156,1205,91
"1607",1607,1972,"NL","PHI","PHI",6,156,503,5248,1240,98
"1608",1608,1972,"NL","CIN","CIN",1,154,707,5241,1317,124
"1609",1609,1972,"NL","LAN","LAD",2,155,584,5270,1349,98
"1610",1610,1972,"NL","HOU","HOU",3,153,708,5267,1359,134
"1611",1611,1972,"NL","ATL","ATL",4,155,628,5278,1363,144
"1612",1612,1972,"NL","SFN","SFG",5,155,662,5245,1281,150
"1613",1613,1972,"NL","SDN","SDP",6,153,488,5213,1181,102
"1614",1614,1973,"AL","BAL","BAL",1,162,754,5537,1474,119
"1615",1615,1973,"AL","BOS","BOS",2,162,738,5513,1472,147
"1616",1616,1973,"AL","DET","DET",3,162,642,5508,1400,157
"1617",1617,1973,"AL","NYA","NYY",4,162,641,5492,1435,131
"1618",1618,1973,"AL","ML4","MIL",5,162,708,5526,1399,145
"1619",1619,1973,"AL","CLE","CLE",6,162,680,5592,1429,158
"1620",1620,1973,"AL","OAK","OAK",1,162,758,5507,1431,147
"1621",1621,1973,"AL","KCA","KCR",2,162,755,5508,1440,114
"1622",1622,1973,"AL","MIN","MIN",3,162,738,5625,1521,120
"1623",1623,1973,"AL","CAL","ANA",4,162,629,5505,1395,93
"1624",1624,1973,"AL","CHA","CHW",5,162,652,5475,1400,111
"1625",1625,1973,"AL","TEX","TEX",6,162,619,5488,1397,110
"1626",1626,1973,"NL","NYN","NYM",1,161,608,5457,1345,85
"1627",1627,1973,"NL","SLN","STL",2,162,643,5478,1418,75
"1628",1628,1973,"NL","PIT","PIT",3,162,704,5608,1465,154
"1629",1629,1973,"NL","MON","WSN",4,162,668,5369,1345,125
"1630",1630,1973,"NL","CHN","CHC",5,161,614,5363,1322,117
"1631",1631,1973,"NL","PHI","PHI",6,162,642,5546,1381,134
"1632",1632,1973,"NL","CIN","CIN",1,162,741,5505,1398,137
"1633",1633,1973,"NL","LAN","LAD",2,162,675,5604,1473,110
"1634",1634,1973,"NL","SFN","SFG",3,162,739,5537,1452,161
"1635",1635,1973,"NL","HOU","HOU",4,162,681,5532,1391,134
"1636",1636,1973,"NL","ATL","ATL",5,162,799,5631,1497,206
"1637",1637,1973,"NL","SDN","SDP",6,162,548,5457,1330,112
"1638",1638,1974,"AL","BAL","BAL",1,162,659,5535,1418,116
"1639",1639,1974,"AL","NYA","NYY",2,162,671,5524,1451,101
"1640",1640,1974,"AL","BOS","BOS",3,162,696,5499,1449,109
"1641",1641,1974,"AL","CLE","CLE",4,162,662,5474,1395,131
"1642",1642,1974,"AL","ML4","MIL",5,162,647,5472,1335,120
"1643",1643,1974,"AL","DET","DET",6,162,620,5568,1375,131
"1644",1644,1974,"AL","OAK","OAK",1,162,689,5331,1315,132
"1645",1645,1974,"AL","TEX","TEX",2,161,690,5449,1482,99
"1646",1646,1974,"AL","MIN","MIN",3,163,673,5632,1530,111
"1647",1647,1974,"AL","CHA","CHW",4,163,684,5577,1492,135
"1648",1648,1974,"AL","KCA","KCR",5,162,667,5582,1448,89
"1649",1649,1974,"AL","CAL","ANA",6,163,618,5401,1372,95
"1650",1650,1974,"NL","PIT","PIT",1,162,751,5702,1560,114
"1651",1651,1974,"NL","SLN","STL",2,161,677,5620,1492,83
"1652",1652,1974,"NL","PHI","PHI",3,162,676,5494,1434,95
"1653",1653,1974,"NL","MON","WSN",4,161,662,5343,1355,86
"1654",1654,1974,"NL","NYN","NYM",5,162,572,5468,1286,96
"1655",1655,1974,"NL","CHN","CHC",6,162,669,5574,1397,110
"1656",1656,1974,"NL","LAN","LAD",1,162,798,5557,1511,139
"1657",1657,1974,"NL","CIN","CIN",2,163,776,5535,1437,135
"1658",1658,1974,"NL","ATL","ATL",3,163,661,5533,1375,120
"1659",1659,1974,"NL","HOU","HOU",4,162,653,5489,1441,110
"1660",1660,1974,"NL","SFN","SFG",5,162,634,5482,1380,93
"1661",1661,1974,"NL","SDN","SDP",6,162,541,5415,1239,99
"1662",1662,1975,"AL","BOS","BOS",1,160,796,5448,1500,134
"1663",1663,1975,"AL","BAL","BAL",2,159,682,5474,1382,124
"1664",1664,1975,"AL","NYA","NYY",3,160,681,5415,1430,110
"1665",1665,1975,"AL","CLE","CLE",4,159,688,5404,1409,153
"1666",1666,1975,"AL","ML4","MIL",5,162,675,5378,1343,146
"1667",1667,1975,"AL","DET","DET",6,159,570,5366,1338,125
"1668",1668,1975,"AL","OAK","OAK",1,162,758,5415,1376,151
"1669",1669,1975,"AL","KCA","KCR",2,162,710,5491,1431,118
"1670",1670,1975,"AL","TEX","TEX",3,162,714,5599,1431,134
"1671",1671,1975,"AL","MIN","MIN",4,159,724,5514,1497,121
"1672",1672,1975,"AL","CHA","CHW",5,161,655,5490,1400,94
"1673",1673,1975,"AL","CAL","ANA",6,161,628,5377,1324,55
"1674",1674,1975,"NL","PIT","PIT",1,161,712,5489,1444,138
"1675",1675,1975,"NL","PHI","PHI",2,162,735,5592,1506,125
"1676",1676,1975,"NL","NYN","NYM",3,162,646,5587,1430,101
"1677",1677,1975,"NL","SLN","STL",3,163,662,5597,1527,81
"1678",1678,1975,"NL","CHN","CHC",5,162,712,5470,1419,95
"1679",1679,1975,"NL","MON","WSN",5,162,601,5518,1346,98
"1680",1680,1975,"NL","CIN","CIN",1,162,840,5581,1515,124
"1681",1681,1975,"NL","LAN","LAD",2,162,648,5453,1355,118
"1682",1682,1975,"NL","SFN","SFG",3,161,659,5447,1412,84
"1683",1683,1975,"NL","SDN","SDP",4,162,552,5429,1324,78
"1684",1684,1975,"NL","ATL","ATL",5,161,583,5424,1323,107
"1685",1685,1975,"NL","HOU","HOU",6,162,664,5515,1401,84
"1686",1686,1976,"AL","NYA","NYY",1,159,730,5555,1496,120
"1687",1687,1976,"AL","BAL","BAL",2,162,619,5457,1326,119
"1688",1688,1976,"AL","BOS","BOS",3,162,716,5511,1448,134
"1689",1689,1976,"AL","CLE","CLE",4,159,615,5412,1423,85
"1690",1690,1976,"AL","DET","DET",5,161,609,5441,1401,101
"1691",1691,1976,"AL","ML4","MIL",6,161,570,5396,1326,88
"1692",1692,1976,"AL","KCA","KCR",1,162,713,5540,1490,65
"1693",1693,1976,"AL","OAK","OAK",2,161,686,5353,1319,113
"1694",1694,1976,"AL","MIN","MIN",3,162,743,5574,1526,81
"1695",1695,1976,"AL","CAL","ANA",4,162,550,5385,1265,63
"1696",1696,1976,"AL","TEX","TEX",4,162,616,5555,1390,80
"1697",1697,1976,"AL","CHA","CHW",6,161,586,5532,1410,73
"1698",1698,1976,"NL","PHI","PHI",1,162,770,5528,1505,110
"1699",1699,1976,"NL","PIT","PIT",2,162,708,5604,1499,110
"1700",1700,1976,"NL","NYN","NYM",3,162,615,5415,1334,102
"1701",1701,1976,"NL","CHN","CHC",4,162,611,5519,1386,105
"1702",1702,1976,"NL","SLN","STL",5,162,629,5516,1432,63
"1703",1703,1976,"NL","MON","WSN",6,162,531,5428,1275,94
"1704",1704,1976,"NL","CIN","CIN",1,162,857,5702,1599,141
"1705",1705,1976,"NL","LAN","LAD",2,162,608,5472,1371,91
"1706",1706,1976,"NL","HOU","HOU",3,162,625,5464,1401,66
"1707",1707,1976,"NL","SFN","SFG",4,162,595,5452,1340,85
"1708",1708,1976,"NL","SDN","SDP",5,162,570,5369,1327,64
"1709",1709,1976,"NL","ATL","ATL",6,162,620,5345,1309,82
"1710",1710,1977,"AL","NYA","NYY",1,162,831,5605,1576,184
"1711",1711,1977,"AL","BAL","BAL",2,161,719,5494,1433,148
"1712",1712,1977,"AL","BOS","BOS",2,161,859,5510,1551,213
"1713",1713,1977,"AL","DET","DET",4,162,714,5604,1480,166
"1714",1714,1977,"AL","CLE","CLE",5,161,676,5491,1476,100
"1715",1715,1977,"AL","ML4","MIL",6,162,639,5517,1425,125
"1716",1716,1977,"AL","TOR","TOR",7,161,605,5418,1367,100
"1717",1717,1977,"AL","KCA","KCR",1,162,822,5594,1549,146
"1718",1718,1977,"AL","TEX","TEX",2,162,767,5541,1497,135
"1719",1719,1977,"AL","CHA","CHW",3,162,844,5633,1568,192
"1720",1720,1977,"AL","MIN","MIN",4,161,867,5639,1588,123
"1721",1721,1977,"AL","CAL","ANA",5,162,675,5410,1380,131
"1722",1722,1977,"AL","SEA","SEA",6,162,624,5460,1398,133
"1723",1723,1977,"AL","OAK","OAK",7,161,605,5358,1284,117
"1724",1724,1977,"NL","PHI","PHI",1,162,847,5546,1548,186
"1725",1725,1977,"NL","PIT","PIT",2,162,734,5662,1550,133
"1726",1726,1977,"NL","SLN","STL",3,162,737,5527,1490,96
"1727",1727,1977,"NL","CHN","CHC",4,162,692,5604,1489,111
"1728",1728,1977,"NL","MON","WSN",5,162,665,5675,1474,138
"1729",1729,1977,"NL","NYN","NYM",6,162,587,5410,1319,88
"1730",1730,1977,"NL","LAN","LAD",1,162,769,5589,1484,191
"1731",1731,1977,"NL","CIN","CIN",2,162,802,5524,1513,181
"1732",1732,1977,"NL","HOU","HOU",3,162,680,5530,1405,114
"1733",1733,1977,"NL","SFN","SFG",4,162,673,5497,1392,134
"1734",1734,1977,"NL","SDN","SDP",5,162,692,5602,1397,120
"1735",1735,1977,"NL","ATL","ATL",6,162,678,5534,1404,139
"1736",1736,1978,"AL","NYA","NYY",1,163,735,5583,1489,125
"1737",1737,1978,"AL","BOS","BOS",2,163,796,5587,1493,172
"1738",1738,1978,"AL","ML4","MIL",3,162,804,5536,1530,173
"1739",1739,1978,"AL","BAL","BAL",4,161,659,5422,1397,154
"1740",1740,1978,"AL","DET","DET",5,162,714,5601,1520,129
"1741",1741,1978,"AL","CLE","CLE",6,159,639,5365,1400,106
"1742",1742,1978,"AL","TOR","TOR",7,161,590,5430,1358,98
"1743",1743,1978,"AL","KCA","KCR",1,162,743,5474,1469,98
"1744",1744,1978,"AL","CAL","ANA",2,162,691,5472,1417,108
"1745",1745,1978,"AL","TEX","TEX",2,162,692,5347,1353,132
"1746",1746,1978,"AL","MIN","MIN",4,162,666,5522,1472,82
"1747",1747,1978,"AL","CHA","CHW",5,161,634,5393,1423,106
"1748",1748,1978,"AL","OAK","OAK",6,162,532,5321,1304,100
"1749",1749,1978,"AL","SEA","SEA",7,160,614,5358,1327,97
"1750",1750,1978,"NL","PHI","PHI",1,162,708,5448,1404,133
"1751",1751,1978,"NL","PIT","PIT",2,161,684,5406,1390,115
"1752",1752,1978,"NL","CHN","CHC",3,162,664,5532,1461,72
"1753",1753,1978,"NL","MON","WSN",4,162,633,5530,1404,121
"1754",1754,1978,"NL","SLN","STL",5,162,600,5415,1351,79
"1755",1755,1978,"NL","NYN","NYM",6,162,607,5433,1332,86
"1756",1756,1978,"NL","LAN","LAD",1,162,727,5437,1435,149
"1757",1757,1978,"NL","CIN","CIN",2,161,710,5392,1378,136
"1758",1758,1978,"NL","SFN","SFG",3,162,613,5364,1331,117
"1759",1759,1978,"NL","SDN","SDP",4,162,591,5360,1349,75
"1760",1760,1978,"NL","HOU","HOU",5,162,605,5458,1408,70
"1761",1761,1978,"NL","ATL","ATL",6,162,600,5381,1313,123
"1762",1762,1979,"AL","BAL","BAL",1,159,757,5371,1401,181
"1763",1763,1979,"AL","ML4","MIL",2,161,807,5536,1552,185
"1764",1764,1979,"AL","BOS","BOS",3,160,841,5538,1567,194
"1765",1765,1979,"AL","NYA","NYY",4,160,734,5421,1443,150
"1766",1766,1979,"AL","DET","DET",5,161,770,5375,1446,164
"1767",1767,1979,"AL","CLE","CLE",6,161,760,5376,1388,138
"1768",1768,1979,"AL","TOR","TOR",7,162,613,5423,1362,95
"1769",1769,1979,"AL","CAL","ANA",1,162,866,5550,1563,164
"1770",1770,1979,"AL","KCA","KCR",2,162,851,5653,1596,116
"1771",1771,1979,"AL","TEX","TEX",3,162,750,5562,1549,140
"1772",1772,1979,"AL","MIN","MIN",4,162,764,5544,1544,112
"1773",1773,1979,"AL","CHA","CHW",5,160,730,5463,1505,127
"1774",1774,1979,"AL","SEA","SEA",6,162,711,5544,1490,132
"1775",1775,1979,"AL","OAK","OAK",7,162,573,5348,1276,108
"1776",1776,1979,"NL","PIT","PIT",1,163,775,5661,1541,148
"1777",1777,1979,"NL","MON","WSN",2,160,701,5465,1445,143
"1778",1778,1979,"NL","SLN","STL",3,163,731,5734,1594,100
"1779",1779,1979,"NL","PHI","PHI",4,163,683,5463,1453,119
"1780",1780,1979,"NL","CHN","CHC",5,162,706,5550,1494,135
"1781",1781,1979,"NL","NYN","NYM",6,163,593,5591,1399,74
"1782",1782,1979,"NL","CIN","CIN",1,161,731,5477,1445,132
"1783",1783,1979,"NL","HOU","HOU",2,162,583,5394,1382,49
"1784",1784,1979,"NL","LAN","LAD",3,162,739,5490,1443,183
"1785",1785,1979,"NL","SFN","SFG",4,162,672,5395,1328,125
"1786",1786,1979,"NL","SDN","SDP",5,161,603,5446,1316,93
"1787",1787,1979,"NL","ATL","ATL",6,160,669,5422,1389,126
"1788",1788,1980,"AL","NYA","NYY",1,162,820,5553,1484,189
"1789",1789,1980,"AL","BAL","BAL",2,162,805,5585,1523,156
"1790",1790,1980,"AL","ML4","MIL",3,162,811,5653,1555,203
"1791",1791,1980,"AL","DET","DET",4,163,830,5648,1543,143
"1792",1792,1980,"AL","BOS","BOS",5,160,757,5603,1588,162
"1793",1793,1980,"AL","CLE","CLE",6,160,738,5470,1517,89
"1794",1794,1980,"AL","TOR","TOR",7,162,624,5571,1398,126
"1795",1795,1980,"AL","KCA","KCR",1,162,809,5714,1633,115
"1796",1796,1980,"AL","OAK","OAK",2,162,686,5495,1424,137
"1797",1797,1980,"AL","MIN","MIN",3,161,670,5530,1468,99
"1798",1798,1980,"AL","TEX","TEX",4,163,756,5690,1616,124
"1799",1799,1980,"AL","CHA","CHW",5,162,587,5444,1408,91
"1800",1800,1980,"AL","CAL","ANA",6,160,698,5443,1442,106
"1801",1801,1980,"AL","SEA","SEA",7,163,610,5489,1359,104
"1802",1802,1980,"NL","PHI","PHI",1,162,728,5625,1517,117
"1803",1803,1980,"NL","MON","WSN",2,162,694,5465,1407,114
"1804",1804,1980,"NL","PIT","PIT",3,162,666,5517,1469,116
"1805",1805,1980,"NL","SLN","STL",4,162,738,5608,1541,101
"1806",1806,1980,"NL","NYN","NYM",5,162,611,5478,1407,61
"1807",1807,1980,"NL","CHN","CHC",6,162,614,5619,1411,107
"1808",1808,1980,"NL","HOU","HOU",1,163,637,5566,1455,75
"1809",1809,1980,"NL","LAN","LAD",2,163,663,5568,1462,148
"1810",1810,1980,"NL","CIN","CIN",3,163,707,5516,1445,113
"1811",1811,1980,"NL","ATL","ATL",4,161,630,5402,1352,144
"1812",1812,1980,"NL","SFN","SFG",5,161,573,5368,1310,80
"1813",1813,1980,"NL","SDN","SDP",6,163,591,5540,1410,67
"1814",1814,1981,"AL","ML4","MIL",1,109,493,3743,961,96
"1815",1815,1981,"AL","BAL","BAL",2,105,429,3516,883,88
"1816",1816,1981,"AL","DET","DET",3,109,427,3600,922,65
"1817",1817,1981,"AL","NYA","NYY",4,107,421,3529,889,100
"1818",1818,1981,"AL","BOS","BOS",5,108,519,3820,1052,90
"1819",1819,1981,"AL","CLE","CLE",6,103,431,3507,922,39
"1820",1820,1981,"AL","TOR","TOR",7,106,329,3521,797,61
"1821",1821,1981,"AL","OAK","OAK",1,109,458,3677,910,104
"1822",1822,1981,"AL","TEX","TEX",2,105,452,3581,968,49
"1823",1823,1981,"AL","CHA","CHW",3,106,476,3615,982,76
"1824",1824,1981,"AL","KCA","KCR",4,103,397,3560,952,61
"1825",1825,1981,"AL","CAL","ANA",5,110,476,3688,944,97
"1826",1826,1981,"AL","SEA","SEA",6,110,426,3780,950,89
"1827",1827,1981,"AL","MIN","MIN",7,110,378,3676,884,47
"1828",1828,1981,"NL","SLN","STL",1,103,464,3537,936,50
"1829",1829,1981,"NL","MON","WSN",2,108,443,3591,883,81
"1830",1830,1981,"NL","PHI","PHI",3,107,491,3665,1002,69
"1831",1831,1981,"NL","PIT","PIT",4,103,407,3576,920,55
"1832",1832,1981,"NL","NYN","NYM",5,105,348,3493,868,57
"1833",1833,1981,"NL","CHN","CHC",6,106,370,3546,838,57
"1834",1834,1981,"NL","CIN","CIN",1,108,464,3637,972,64
"1835",1835,1981,"NL","LAN","LAD",2,110,450,3751,984,82
"1836",1836,1981,"NL","HOU","HOU",3,110,394,3693,948,45
"1837",1837,1981,"NL","SFN","SFG",4,111,427,3766,941,63
"1838",1838,1981,"NL","ATL","ATL",5,107,395,3642,886,64
"1839",1839,1981,"NL","SDN","SDP",6,110,382,3757,963,32
"1840",1840,1982,"AL","ML4","MIL",1,163,891,5733,1599,216
"1841",1841,1982,"AL","BAL","BAL",2,163,774,5557,1478,179
"1842",1842,1982,"AL","BOS","BOS",3,162,753,5596,1536,136
"1843",1843,1982,"AL","DET","DET",4,162,729,5590,1489,177
"1844",1844,1982,"AL","NYA","NYY",5,162,709,5526,1417,161
"1845",1845,1982,"AL","CLE","CLE",6,162,683,5559,1458,109
"1846",1846,1982,"AL","TOR","TOR",6,162,651,5526,1447,106
"1847",1847,1982,"AL","CAL","ANA",1,162,814,5532,1518,186
"1848",1848,1982,"AL","KCA","KCR",2,162,784,5629,1603,132
"1849",1849,1982,"AL","CHA","CHW",3,162,786,5575,1523,136
"1850",1850,1982,"AL","SEA","SEA",4,162,651,5626,1431,130
"1851",1851,1982,"AL","OAK","OAK",5,162,691,5448,1286,149
"1852",1852,1982,"AL","TEX","TEX",6,162,590,5445,1354,115
"1853",1853,1982,"AL","MIN","MIN",7,162,657,5544,1427,148
"1854",1854,1982,"NL","SLN","STL",1,162,685,5455,1439,67
"1855",1855,1982,"NL","PHI","PHI",2,162,664,5454,1417,112
"1856",1856,1982,"NL","MON","WSN",3,162,697,5557,1454,133
"1857",1857,1982,"NL","PIT","PIT",4,162,724,5614,1535,134
"1858",1858,1982,"NL","CHN","CHC",5,162,676,5531,1436,102
"1859",1859,1982,"NL","NYN","NYM",6,162,609,5510,1361,97
"1860",1860,1982,"NL","ATL","ATL",1,162,739,5507,1411,146
"1861",1861,1982,"NL","LAN","LAD",2,162,691,5642,1487,138
"1862",1862,1982,"NL","SFN","SFG",3,162,673,5499,1393,133
"1863",1863,1982,"NL","SDN","SDP",4,162,675,5575,1435,81
"1864",1864,1982,"NL","HOU","HOU",5,162,569,5440,1342,74
"1865",1865,1982,"NL","CIN","CIN",6,162,545,5479,1375,82
"1866",1866,1983,"AL","BAL","BAL",1,162,799,5546,1492,168
"1867",1867,1983,"AL","DET","DET",2,162,789,5592,1530,156
"1868",1868,1983,"AL","NYA","NYY",3,162,770,5631,1535,153
"1869",1869,1983,"AL","TOR","TOR",4,162,795,5581,1546,167
"1870",1870,1983,"AL","ML4","MIL",5,162,764,5620,1556,132
"1871",1871,1983,"AL","BOS","BOS",6,162,724,5590,1512,142
"1872",1872,1983,"AL","CLE","CLE",7,162,704,5476,1451,86
"1873",1873,1983,"AL","CHA","CHW",1,162,800,5484,1439,157
"1874",1874,1983,"AL","KCA","KCR",2,163,696,5598,1515,109
"1875",1875,1983,"AL","TEX","TEX",3,163,639,5610,1429,106
"1876",1876,1983,"AL","OAK","OAK",4,162,708,5516,1447,121
"1877",1877,1983,"AL","CAL","ANA",5,162,722,5640,1467,154
"1878",1878,1983,"AL","MIN","MIN",5,162,709,5601,1463,141
"1879",1879,1983,"AL","SEA","SEA",7,162,558,5336,1280,111
"1880",1880,1983,"NL","PHI","PHI",1,163,696,5426,1352,125
"1881",1881,1983,"NL","PIT","PIT",2,162,659,5531,1460,121
"1882",1882,1983,"NL","MON","WSN",3,163,677,5611,1482,102
"1883",1883,1983,"NL","SLN","STL",4,162,679,5550,1496,83
"1884",1884,1983,"NL","CHN","CHC",5,162,701,5512,1436,140
"1885",1885,1983,"NL","NYN","NYM",6,162,575,5444,1314,112
"1886",1886,1983,"NL","LAN","LAD",1,163,654,5440,1358,146
"1887",1887,1983,"NL","ATL","ATL",2,162,746,5472,1489,130
"1888",1888,1983,"NL","HOU","HOU",3,162,643,5502,1412,97
"1889",1889,1983,"NL","SDN","SDP",4,163,653,5527,1384,93
"1890",1890,1983,"NL","SFN","SFG",5,162,687,5369,1324,142
"1891",1891,1983,"NL","CIN","CIN",6,162,623,5333,1274,107
"1892",1892,1984,"AL","DET","DET",1,162,829,5644,1529,187
"1893",1893,1984,"AL","TOR","TOR",2,163,750,5687,1555,143
"1894",1894,1984,"AL","NYA","NYY",3,162,758,5661,1560,130
"1895",1895,1984,"AL","BOS","BOS",4,162,810,5648,1598,181
"1896",1896,1984,"AL","BAL","BAL",5,162,681,5456,1374,160
"1897",1897,1984,"AL","CLE","CLE",6,163,761,5643,1498,123
"1898",1898,1984,"AL","ML4","MIL",7,161,641,5511,1446,96
"1899",1899,1984,"AL","KCA","KCR",1,162,673,5543,1487,117
"1900",1900,1984,"AL","CAL","ANA",2,162,696,5470,1363,150
"1901",1901,1984,"AL","MIN","MIN",2,162,673,5562,1473,114
"1902",1902,1984,"AL","OAK","OAK",4,162,738,5457,1415,158
"1903",1903,1984,"AL","CHA","CHW",5,162,679,5513,1360,172
"1904",1904,1984,"AL","SEA","SEA",5,162,682,5546,1429,129
"1905",1905,1984,"AL","TEX","TEX",7,161,656,5569,1452,120
"1906",1906,1984,"NL","CHN","CHC",1,161,762,5437,1415,136
"1907",1907,1984,"NL","NYN","NYM",2,162,652,5438,1400,107
"1908",1908,1984,"NL","SLN","STL",3,162,652,5433,1369,75
"1909",1909,1984,"NL","PHI","PHI",4,162,720,5614,1494,147
"1910",1910,1984,"NL","MON","WSN",5,161,593,5439,1367,96
"1911",1911,1984,"NL","PIT","PIT",6,162,615,5537,1412,98
"1912",1912,1984,"NL","SDN","SDP",1,162,686,5504,1425,109
"1913",1913,1984,"NL","ATL","ATL",2,162,632,5422,1338,111
"1914",1914,1984,"NL","HOU","HOU",2,162,693,5548,1465,79
"1915",1915,1984,"NL","LAN","LAD",4,162,580,5399,1316,102
"1916",1916,1984,"NL","CIN","CIN",5,162,627,5498,1342,106
"1917",1917,1984,"NL","SFN","SFG",6,162,682,5650,1499,112
"1918",1918,1985,"AL","TOR","TOR",1,161,759,5508,1482,158
"1919",1919,1985,"AL","NYA","NYY",2,161,839,5458,1458,176
"1920",1920,1985,"AL","DET","DET",3,161,729,5575,1413,202
"1921",1921,1985,"AL","BAL","BAL",4,161,818,5517,1451,214
"1922",1922,1985,"AL","BOS","BOS",5,163,800,5720,1615,162
"1923",1923,1985,"AL","ML4","MIL",6,161,690,5568,1467,101
"1924",1924,1985,"AL","CLE","CLE",7,162,729,5527,1465,116
"1925",1925,1985,"AL","KCA","KCR",1,162,687,5500,1384,154
"1926",1926,1985,"AL","CAL","ANA",2,162,732,5442,1364,153
"1927",1927,1985,"AL","CHA","CHW",3,163,736,5470,1386,146
"1928",1928,1985,"AL","MIN","MIN",4,162,705,5509,1453,141
"1929",1929,1985,"AL","OAK","OAK",4,162,757,5581,1475,155
"1930",1930,1985,"AL","SEA","SEA",6,162,719,5521,1410,171
"1931",1931,1985,"AL","TEX","TEX",7,161,617,5361,1359,129
"1932",1932,1985,"NL","SLN","STL",1,162,747,5467,1446,87
"1933",1933,1985,"NL","NYN","NYM",2,162,695,5549,1425,134
"1934",1934,1985,"NL","MON","WSN",3,161,633,5429,1342,118
"1935",1935,1985,"NL","CHN","CHC",4,162,686,5492,1397,150
"1936",1936,1985,"NL","PHI","PHI",5,162,667,5477,1343,141
"1937",1937,1985,"NL","PIT","PIT",6,161,568,5436,1340,80
"1938",1938,1985,"NL","LAN","LAD",1,162,682,5502,1434,129
"1939",1939,1985,"NL","CIN","CIN",2,162,677,5431,1385,114
"1940",1940,1985,"NL","HOU","HOU",3,162,706,5582,1457,121
"1941",1941,1985,"NL","SDN","SDP",3,162,650,5507,1405,109
"1942",1942,1985,"NL","ATL","ATL",5,162,632,5526,1359,126
"1943",1943,1985,"NL","SFN","SFG",6,162,556,5420,1263,115
"1944",1944,1986,"AL","BOS","BOS",1,161,794,5498,1488,144
"1945",1945,1986,"AL","NYA","NYY",2,162,797,5570,1512,188
"1946",1946,1986,"AL","DET","DET",3,162,798,5512,1447,198
"1947",1947,1986,"AL","TOR","TOR",4,163,809,5716,1540,181
"1948",1948,1986,"AL","CLE","CLE",5,163,831,5702,1620,157
"1949",1949,1986,"AL","ML4","MIL",6,161,667,5461,1393,127
"1950",1950,1986,"AL","BAL","BAL",7,162,708,5524,1425,169
"1951",1951,1986,"AL","CAL","ANA",1,162,786,5433,1387,167
"1952",1952,1986,"AL","TEX","TEX",2,162,771,5529,1479,184
"1953",1953,1986,"AL","KCA","KCR",3,162,654,5561,1403,137
"1954",1954,1986,"AL","OAK","OAK",3,162,731,5435,1370,163
"1955",1955,1986,"AL","CHA","CHW",5,162,644,5406,1335,121
"1956",1956,1986,"AL","MIN","MIN",6,162,741,5531,1446,196
"1957",1957,1986,"AL","SEA","SEA",7,162,718,5498,1392,158
"1958",1958,1986,"NL","NYN","NYM",1,162,783,5558,1462,148
"1959",1959,1986,"NL","PHI","PHI",2,161,739,5483,1386,154
"1960",1960,1986,"NL","SLN","STL",3,161,601,5378,1270,58
"1961",1961,1986,"NL","MON","WSN",4,161,637,5508,1401,110
"1962",1962,1986,"NL","CHN","CHC",5,160,680,5499,1409,155
"1963",1963,1986,"NL","PIT","PIT",6,162,663,5456,1366,111
"1964",1964,1986,"NL","HOU","HOU",1,162,654,5441,1388,125
"1965",1965,1986,"NL","CIN","CIN",2,162,732,5536,1404,144
"1966",1966,1986,"NL","SFN","SFG",3,162,698,5501,1394,114
"1967",1967,1986,"NL","SDN","SDP",4,162,656,5515,1442,136
"1968",1968,1986,"NL","LAN","LAD",5,162,638,5471,1373,130
"1969",1969,1986,"NL","ATL","ATL",6,161,615,5384,1348,138
"1970",1970,1987,"AL","DET","DET",1,162,896,5649,1535,225
"1971",1971,1987,"AL","TOR","TOR",2,162,845,5635,1514,215
"1972",1972,1987,"AL","ML4","MIL",3,162,862,5625,1552,163
"1973",1973,1987,"AL","NYA","NYY",4,162,788,5511,1445,196
"1974",1974,1987,"AL","BOS","BOS",5,162,842,5586,1554,174
"1975",1975,1987,"AL","BAL","BAL",6,162,729,5576,1437,211
"1976",1976,1987,"AL","CLE","CLE",7,162,742,5606,1476,187
"1977",1977,1987,"AL","MIN","MIN",1,162,786,5441,1422,196
"1978",1978,1987,"AL","KCA","KCR",2,162,715,5499,1443,168
"1979",1979,1987,"AL","OAK","OAK",3,162,806,5511,1432,199
"1980",1980,1987,"AL","SEA","SEA",4,162,760,5508,1499,161
"1981",1981,1987,"AL","CHA","CHW",5,162,748,5538,1427,173
"1982",1982,1987,"AL","CAL","ANA",6,162,770,5570,1406,172
"1983",1983,1987,"AL","TEX","TEX",6,162,823,5564,1478,194
"1984",1984,1987,"NL","SLN","STL",1,162,798,5500,1449,94
"1985",1985,1987,"NL","NYN","NYM",2,162,823,5601,1499,192
"1986",1986,1987,"NL","MON","WSN",3,162,741,5527,1467,120
"1987",1987,1987,"NL","PHI","PHI",4,162,702,5475,1390,169
"1988",1988,1987,"NL","PIT","PIT",4,162,723,5536,1464,131
"1989",1989,1987,"NL","CHN","CHC",6,161,720,5583,1475,209
"1990",1990,1987,"NL","SFN","SFG",1,162,783,5608,1458,205
"1991",1991,1987,"NL","CIN","CIN",2,162,783,5560,1478,192
"1992",1992,1987,"NL","HOU","HOU",3,162,648,5485,1386,122
"1993",1993,1987,"NL","LAN","LAD",4,162,635,5517,1389,125
"1994",1994,1987,"NL","ATL","ATL",5,161,747,5428,1401,152
"1995",1995,1987,"NL","SDN","SDP",6,162,668,5456,1419,113
"1996",1996,1988,"AL","BOS","BOS",1,162,813,5545,1569,124
"1997",1997,1988,"AL","DET","DET",2,162,703,5433,1358,143
"1998",1998,1988,"AL","ML4","MIL",3,162,682,5488,1409,113
"1999",1999,1988,"AL","TOR","TOR",3,162,763,5557,1491,158
"2000",2000,1988,"AL","NYA","NYY",5,161,772,5592,1469,148
"2001",2001,1988,"AL","CLE","CLE",6,162,666,5505,1435,134
"2002",2002,1988,"AL","BAL","BAL",7,161,550,5358,1275,137
"2003",2003,1988,"AL","OAK","OAK",1,162,800,5602,1474,156
"2004",2004,1988,"AL","MIN","MIN",2,162,759,5510,1508,151
"2005",2005,1988,"AL","KCA","KCR",3,161,704,5469,1419,121
"2006",2006,1988,"AL","CAL","ANA",4,162,714,5582,1458,124
"2007",2007,1988,"AL","CHA","CHW",5,161,631,5449,1327,132
"2008",2008,1988,"AL","TEX","TEX",6,161,637,5479,1378,112
"2009",2009,1988,"AL","SEA","SEA",7,161,664,5436,1397,148
"2010",2010,1988,"NL","NYN","NYM",1,160,703,5408,1387,152
"2011",2011,1988,"NL","PIT","PIT",2,160,651,5379,1327,110
"2012",2012,1988,"NL","MON","WSN",3,163,628,5573,1400,107
"2013",2013,1988,"NL","CHN","CHC",4,163,660,5675,1481,113
"2014",2014,1988,"NL","SLN","STL",5,162,578,5518,1373,71
"2015",2015,1988,"NL","PHI","PHI",6,162,597,5403,1294,106
"2016",2016,1988,"NL","LAN","LAD",1,162,628,5431,1346,99
"2017",2017,1988,"NL","CIN","CIN",2,161,641,5426,1334,122
"2018",2018,1988,"NL","SDN","SDP",3,161,594,5366,1325,94
"2019",2019,1988,"NL","SFN","SFG",4,162,670,5450,1353,113
"2020",2020,1988,"NL","HOU","HOU",5,162,617,5494,1338,96
"2021",2021,1988,"NL","ATL","ATL",6,160,555,5440,1319,96
"2022",2022,1989,"AL","TOR","TOR",1,162,731,5581,1449,142
"2023",2023,1989,"AL","BAL","BAL",2,162,708,5440,1369,129
"2024",2024,1989,"AL","BOS","BOS",3,162,774,5666,1571,108
"2025",2025,1989,"AL","ML4","MIL",4,162,707,5473,1415,126
"2026",2026,1989,"AL","NYA","NYY",5,161,698,5458,1470,130
"2027",2027,1989,"AL","CLE","CLE",6,162,604,5463,1340,127
"2028",2028,1989,"AL","DET","DET",7,162,617,5432,1315,116
"2029",2029,1989,"AL","OAK","OAK",1,162,712,5416,1414,127
"2030",2030,1989,"AL","KCA","KCR",2,162,690,5475,1428,101
"2031",2031,1989,"AL","CAL","ANA",3,162,669,5545,1422,145
"2032",2032,1989,"AL","TEX","TEX",4,162,695,5458,1433,122
"2033",2033,1989,"AL","MIN","MIN",5,162,740,5581,1542,117
"2034",2034,1989,"AL","SEA","SEA",6,162,694,5512,1417,134
"2035",2035,1989,"AL","CHA","CHW",7,161,693,5504,1493,94
"2036",2036,1989,"NL","CHN","CHC",1,162,702,5513,1438,124
"2037",2037,1989,"NL","NYN","NYM",2,162,683,5489,1351,147
"2038",2038,1989,"NL","SLN","STL",3,164,632,5492,1418,73
"2039",2039,1989,"NL","MON","WSN",4,162,632,5482,1353,100
"2040",2040,1989,"NL","PIT","PIT",5,164,637,5539,1334,95
"2041",2041,1989,"NL","PHI","PHI",6,163,629,5447,1324,123
"2042",2042,1989,"NL","SFN","SFG",1,162,699,5469,1365,141
"2043",2043,1989,"NL","SDN","SDP",2,162,642,5422,1360,120
"2044",2044,1989,"NL","HOU","HOU",3,162,647,5516,1316,97
"2045",2045,1989,"NL","LAN","LAD",4,160,554,5465,1313,89
"2046",2046,1989,"NL","CIN","CIN",5,162,632,5520,1362,128
"2047",2047,1989,"NL","ATL","ATL",6,161,584,5463,1281,128
"2048",2048,1990,"AL","BOS","BOS",1,162,699,5516,1502,106
"2049",2049,1990,"AL","TOR","TOR",2,162,767,5589,1479,167
"2050",2050,1990,"AL","DET","DET",3,162,750,5479,1418,172
"2051",2051,1990,"AL","CLE","CLE",4,162,732,5485,1465,110
"2052",2052,1990,"AL","BAL","BAL",5,161,669,5410,1328,132
"2053",2053,1990,"AL","ML4","MIL",6,162,732,5503,1408,128
"2054",2054,1990,"AL","NYA","NYY",7,162,603,5483,1322,147
"2055",2055,1990,"AL","OAK","OAK",1,162,733,5433,1379,164
"2056",2056,1990,"AL","CHA","CHW",2,162,682,5402,1393,106
"2057",2057,1990,"AL","TEX","TEX",3,162,676,5469,1416,110
"2058",2058,1990,"AL","CAL","ANA",4,162,690,5570,1448,147
"2059",2059,1990,"AL","SEA","SEA",5,162,640,5474,1419,107
"2060",2060,1990,"AL","KCA","KCR",6,161,707,5488,1465,100
"2061",2061,1990,"AL","MIN","MIN",7,162,666,5499,1458,100
"2062",2062,1990,"NL","PIT","PIT",1,162,733,5388,1395,138
"2063",2063,1990,"NL","NYN","NYM",2,162,775,5504,1410,172
"2064",2064,1990,"NL","MON","WSN",3,162,662,5453,1363,114
"2065",2065,1990,"NL","CHN","CHC",4,162,690,5600,1474,136
"2066",2066,1990,"NL","PHI","PHI",4,162,646,5535,1410,103
"2067",2067,1990,"NL","SLN","STL",6,162,599,5462,1398,73
"2068",2068,1990,"NL","CIN","CIN",1,162,693,5525,1466,125
"2069",2069,1990,"NL","LAN","LAD",2,162,728,5491,1436,129
"2070",2070,1990,"NL","SFN","SFG",3,162,719,5573,1459,152
"2071",2071,1990,"NL","HOU","HOU",4,162,573,5379,1301,94
"2072",2072,1990,"NL","SDN","SDP",4,162,673,5554,1429,123
"2073",2073,1990,"NL","ATL","ATL",6,162,682,5504,1376,162
"2074",2074,1991,"AL","TOR","TOR",1,162,684,5489,1412,133
"2075",2075,1991,"AL","BOS","BOS",2,162,731,5530,1486,126
"2076",2076,1991,"AL","DET","DET",2,162,817,5547,1372,209
"2077",2077,1991,"AL","ML4","MIL",4,162,799,5611,1523,116
"2078",2078,1991,"AL","NYA","NYY",5,162,674,5541,1418,147
"2079",2079,1991,"AL","BAL","BAL",6,162,686,5604,1421,170
"2080",2080,1991,"AL","CLE","CLE",7,162,576,5470,1390,79
"2081",2081,1991,"AL","MIN","MIN",1,162,776,5556,1557,140
"2082",2082,1991,"AL","CHA","CHW",2,162,758,5594,1464,139
"2083",2083,1991,"AL","TEX","TEX",3,162,829,5703,1539,177
"2084",2084,1991,"AL","OAK","OAK",4,162,760,5410,1342,159
"2085",2085,1991,"AL","SEA","SEA",5,162,702,5494,1400,126
"2086",2086,1991,"AL","KCA","KCR",6,162,727,5584,1475,117
"2087",2087,1991,"AL","CAL","ANA",7,162,653,5470,1396,115
"2088",2088,1991,"NL","PIT","PIT",1,162,768,5449,1433,126
"2089",2089,1991,"NL","SLN","STL",2,162,651,5362,1366,68
"2090",2090,1991,"NL","PHI","PHI",3,162,629,5521,1332,111
"2091",2091,1991,"NL","CHN","CHC",4,160,695,5522,1395,159
"2092",2092,1991,"NL","NYN","NYM",5,161,640,5359,1305,117
"2093",2093,1991,"NL","MON","WSN",6,161,579,5412,1329,95
"2094",2094,1991,"NL","ATL","ATL",1,162,749,5456,1407,141
"2095",2095,1991,"NL","LAN","LAD",2,162,665,5408,1366,108
"2096",2096,1991,"NL","SDN","SDP",3,162,636,5408,1321,121
"2097",2097,1991,"NL","SFN","SFG",4,162,649,5463,1345,141
"2098",2098,1991,"NL","CIN","CIN",5,162,689,5501,1419,164
"2099",2099,1991,"NL","HOU","HOU",6,162,605,5504,1345,79
"2100",2100,1992,"AL","TOR","TOR",1,162,780,5536,1458,163
"2101",2101,1992,"AL","ML4","MIL",2,162,740,5504,1477,82
"2102",2102,1992,"AL","BAL","BAL",3,162,705,5485,1423,148
"2103",2103,1992,"AL","CLE","CLE",4,162,674,5620,1495,127
"2104",2104,1992,"AL","NYA","NYY",4,162,733,5593,1462,163
"2105",2105,1992,"AL","DET","DET",6,162,791,5515,1411,182
"2106",2106,1992,"AL","BOS","BOS",7,162,599,5461,1343,84
"2107",2107,1992,"AL","OAK","OAK",1,162,745,5387,1389,142
"2108",2108,1992,"AL","MIN","MIN",2,162,747,5582,1544,104
"2109",2109,1992,"AL","CHA","CHW",3,162,738,5498,1434,110
"2110",2110,1992,"AL","TEX","TEX",4,162,682,5537,1387,159
"2111",2111,1992,"AL","CAL","ANA",5,162,579,5364,1306,88
"2112",2112,1992,"AL","KCA","KCR",5,162,610,5501,1411,75
"2113",2113,1992,"AL","SEA","SEA",7,162,679,5564,1466,149
"2114",2114,1992,"NL","PIT","PIT",1,162,693,5527,1409,106
"2115",2115,1992,"NL","MON","WSN",2,162,648,5477,1381,102
"2116",2116,1992,"NL","SLN","STL",3,162,631,5594,1464,94
"2117",2117,1992,"NL","CHN","CHC",4,162,593,5590,1420,104
"2118",2118,1992,"NL","NYN","NYM",5,162,599,5340,1254,93
"2119",2119,1992,"NL","PHI","PHI",6,162,686,5500,1392,118
"2120",2120,1992,"NL","ATL","ATL",1,162,682,5480,1391,138
"2121",2121,1992,"NL","CIN","CIN",2,162,660,5460,1418,99
"2122",2122,1992,"NL","SDN","SDP",3,162,617,5476,1396,135
"2123",2123,1992,"NL","HOU","HOU",4,162,608,5480,1350,96
"2124",2124,1992,"NL","SFN","SFG",5,162,574,5456,1330,105
"2125",2125,1992,"NL","LAN","LAD",6,162,548,5368,1333,72
"2126",2126,1993,"AL","TOR","TOR",1,162,847,5579,1556,159
"2127",2127,1993,"AL","NYA","NYY",2,162,821,5615,1568,178
"2128",2128,1993,"AL","BAL","BAL",3,162,786,5508,1470,157
"2129",2129,1993,"AL","DET","DET",3,162,899,5620,1546,178
"2130",2130,1993,"AL","BOS","BOS",5,162,686,5496,1451,114
"2131",2131,1993,"AL","CLE","CLE",6,162,790,5619,1547,141
"2132",2132,1993,"AL","ML4","MIL",7,162,733,5525,1426,125
"2133",2133,1993,"AL","CHA","CHW",1,162,776,5483,1454,162
"2134",2134,1993,"AL","TEX","TEX",2,162,835,5510,1472,181
"2135",2135,1993,"AL","KCA","KCR",3,162,675,5522,1455,125
"2136",2136,1993,"AL","SEA","SEA",4,162,734,5494,1429,161
"2137",2137,1993,"AL","CAL","ANA",5,162,684,5391,1399,114
"2138",2138,1993,"AL","MIN","MIN",5,162,693,5601,1480,121
"2139",2139,1993,"AL","OAK","OAK",7,162,715,5543,1408,158
"2140",2140,1993,"NL","PHI","PHI",1,162,877,5685,1555,156
"2141",2141,1993,"NL","MON","WSN",2,163,732,5493,1410,122
"2142",2142,1993,"NL","SLN","STL",3,162,758,5551,1508,118
"2143",2143,1993,"NL","CHN","CHC",4,163,738,5627,1521,161
"2144",2144,1993,"NL","PIT","PIT",5,162,707,5549,1482,110
"2145",2145,1993,"NL","FLO","FLA",6,162,581,5475,1356,94
"2146",2146,1993,"NL","NYN","NYM",7,162,672,5448,1350,158
"2147",2147,1993,"NL","ATL","ATL",1,162,767,5515,1444,169
"2148",2148,1993,"NL","SFN","SFG",2,162,808,5557,1534,168
"2149",2149,1993,"NL","HOU","HOU",3,162,716,5464,1459,138
"2150",2150,1993,"NL","LAN","LAD",4,162,675,5588,1458,130
"2151",2151,1993,"NL","CIN","CIN",5,162,722,5517,1457,137
"2152",2152,1993,"NL","COL","COL",6,162,758,5517,1507,142
"2153",2153,1993,"NL","SDN","SDP",7,162,679,5503,1386,153
"2154",2154,1994,"AL","CHA","CHW",1,113,633,3942,1133,121
"2155",2155,1994,"AL","CLE","CLE",2,113,679,4022,1165,167
"2156",2156,1994,"AL","KCA","KCR",3,115,574,3911,1051,100
"2157",2157,1994,"AL","MIN","MIN",4,113,594,3952,1092,103
"2158",2158,1994,"AL","ML4","MIL",5,115,547,3978,1045,99
"2159",2159,1994,"AL","NYA","NYY",1,113,670,3986,1155,139
"2160",2160,1994,"AL","BAL","BAL",2,112,589,3856,1047,139
"2161",2161,1994,"AL","TOR","TOR",3,115,566,3962,1064,115
"2162",2162,1994,"AL","BOS","BOS",4,115,552,3940,1038,120
"2163",2163,1994,"AL","DET","DET",5,115,652,3955,1048,161
"2164",2164,1994,"AL","TEX","TEX",1,114,613,3983,1114,124
"2165",2165,1994,"AL","OAK","OAK",2,114,549,3885,1009,113
"2166",2166,1994,"AL","SEA","SEA",3,112,569,3883,1045,153
"2167",2167,1994,"AL","CAL","ANA",4,115,543,3943,1042,120
"2168",2168,1994,"NL","CIN","CIN",1,115,609,3999,1142,124
"2169",2169,1994,"NL","HOU","HOU",2,115,602,3955,1099,120
"2170",2170,1994,"NL","PIT","PIT",3,114,466,3864,1001,80
"2171",2171,1994,"NL","SLN","STL",3,115,535,3902,1026,108
"2172",2172,1994,"NL","CHN","CHC",5,113,500,3918,1015,109
"2173",2173,1994,"NL","MON","WSN",1,114,585,4000,1111,108
"2174",2174,1994,"NL","ATL","ATL",2,114,542,3861,1031,137
"2175",2175,1994,"NL","NYN","NYM",3,113,506,3869,966,117
"2176",2176,1994,"NL","PHI","PHI",4,115,521,3927,1028,80
"2177",2177,1994,"NL","FLO","FLA",5,115,468,3926,1043,94
"2178",2178,1994,"NL","LAN","LAD",1,114,532,3904,1055,115
"2179",2179,1994,"NL","SFN","SFG",2,115,504,3869,963,123
"2180",2180,1994,"NL","COL","COL",3,117,573,4006,1098,125
"2181",2181,1994,"NL","SDN","SDP",4,117,479,4068,1117,92
"2182",2182,1995,"AL","CLE","CLE",1,144,840,5028,1461,207
"2183",2183,1995,"AL","KCA","KCR",2,144,629,4903,1275,119
"2184",2184,1995,"AL","CHA","CHW",3,145,755,5060,1417,146
"2185",2185,1995,"AL","ML4","MIL",4,144,740,5000,1329,128
"2186",2186,1995,"AL","MIN","MIN",5,144,703,5005,1398,120
"2187",2187,1995,"AL","BOS","BOS",1,144,791,4997,1399,175
"2188",2188,1995,"AL","NYA","NYY",2,145,749,4947,1365,122
"2189",2189,1995,"AL","BAL","BAL",3,144,704,4837,1267,173
"2190",2190,1995,"AL","DET","DET",4,144,654,4865,1204,159
"2191",2191,1995,"AL","TOR","TOR",5,144,642,5036,1309,140
"2192",2192,1995,"AL","SEA","SEA",1,145,796,4996,1377,182
"2193",2193,1995,"AL","CAL","ANA",2,145,801,5019,1390,186
"2194",2194,1995,"AL","TEX","TEX",3,144,691,4913,1304,138
"2195",2195,1995,"AL","OAK","OAK",4,144,730,4916,1296,169
"2196",2196,1995,"NL","CIN","CIN",1,144,747,4903,1326,161
"2197",2197,1995,"NL","HOU","HOU",2,144,747,5097,1403,109
"2198",2198,1995,"NL","CHN","CHC",3,144,693,4963,1315,158
"2199",2199,1995,"NL","SLN","STL",4,143,563,4779,1182,107
"2200",2200,1995,"NL","PIT","PIT",5,144,629,4937,1281,125
"2201",2201,1995,"NL","ATL","ATL",1,144,645,4814,1202,168
"2202",2202,1995,"NL","NYN","NYM",2,144,657,4958,1323,125
"2203",2203,1995,"NL","PHI","PHI",2,144,615,4950,1296,94
"2204",2204,1995,"NL","FLO","FLA",4,143,673,4886,1278,144
"2205",2205,1995,"NL","MON","WSN",5,144,621,4905,1268,118
"2206",2206,1995,"NL","LAN","LAD",1,144,634,4942,1303,140
"2207",2207,1995,"NL","COL","COL",2,144,785,4994,1406,200
"2208",2208,1995,"NL","SDN","SDP",3,144,668,4950,1345,116
"2209",2209,1995,"NL","SFN","SFG",4,144,652,4971,1256,152
"2210",2210,1996,"AL","CLE","CLE",1,161,952,5681,1665,218
"2211",2211,1996,"AL","CHA","CHW",2,162,898,5644,1586,195
"2212",2212,1996,"AL","ML4","MIL",3,162,894,5662,1578,178
"2213",2213,1996,"AL","MIN","MIN",4,162,877,5673,1633,118
"2214",2214,1996,"AL","KCA","KCR",5,161,746,5542,1477,123
"2215",2215,1996,"AL","NYA","NYY",1,162,871,5628,1621,162
"2216",2216,1996,"AL","BAL","BAL",2,163,949,5689,1557,257
"2217",2217,1996,"AL","BOS","BOS",3,162,928,5756,1631,209
"2218",2218,1996,"AL","TOR","TOR",4,162,766,5599,1451,177
"2219",2219,1996,"AL","DET","DET",5,162,783,5530,1413,204
"2220",2220,1996,"AL","TEX","TEX",1,163,928,5702,1622,221
"2221",2221,1996,"AL","SEA","SEA",2,161,993,5668,1625,245
"2222",2222,1996,"AL","OAK","OAK",3,162,861,5630,1492,243
"2223",2223,1996,"AL","CAL","ANA",4,161,762,5686,1571,192
"2224",2224,1996,"NL","SLN","STL",1,162,759,5502,1468,142
"2225",2225,1996,"NL","HOU","HOU",2,162,753,5508,1445,129
"2226",2226,1996,"NL","CIN","CIN",3,162,778,5455,1398,191
"2227",2227,1996,"NL","CHN","CHC",4,162,772,5531,1388,175
"2228",2228,1996,"NL","PIT","PIT",5,162,776,5665,1509,138
"2229",2229,1996,"NL","ATL","ATL",1,162,773,5614,1514,197
"2230",2230,1996,"NL","MON","WSN",2,162,741,5505,1441,148
"2231",2231,1996,"NL","FLO","FLA",3,162,688,5498,1413,150
"2232",2232,1996,"NL","NYN","NYM",4,162,746,5618,1515,147
"2233",2233,1996,"NL","PHI","PHI",5,162,650,5499,1405,132
"2234",2234,1996,"NL","SDN","SDP",1,162,771,5655,1499,147
"2235",2235,1996,"NL","LAN","LAD",2,162,703,5538,1396,150
"2236",2236,1996,"NL","COL","COL",3,162,961,5590,1607,221
"2237",2237,1996,"NL","SFN","SFG",4,162,752,5533,1400,153
"2238",2238,1997,"AL","CLE","CLE",1,161,868,5556,1589,220
"2239",2239,1997,"AL","CHA","CHW",2,161,779,5491,1498,158
"2240",2240,1997,"AL","ML4","MIL",3,161,681,5444,1415,135
"2241",2241,1997,"AL","MIN","MIN",4,162,772,5634,1522,132
"2242",2242,1997,"AL","KCA","KCR",5,161,747,5599,1478,158
"2243",2243,1997,"AL","BAL","BAL",1,162,812,5584,1498,196
"2244",2244,1997,"AL","NYA","NYY",2,162,891,5710,1636,161
"2245",2245,1997,"AL","DET","DET",3,162,784,5481,1415,176
"2246",2246,1997,"AL","BOS","BOS",4,162,851,5781,1684,185
"2247",2247,1997,"AL","TOR","TOR",5,162,654,5473,1333,147
"2248",2248,1997,"AL","SEA","SEA",1,162,925,5614,1574,264
"2249",2249,1997,"AL","ANA","ANA",2,162,829,5628,1531,161
"2250",2250,1997,"AL","TEX","TEX",3,162,807,5651,1547,187
"2251",2251,1997,"AL","OAK","OAK",4,162,764,5589,1451,197
"2252",2252,1997,"NL","HOU","HOU",1,162,777,5502,1427,133
"2253",2253,1997,"NL","PIT","PIT",2,162,725,5503,1440,129
"2254",2254,1997,"NL","CIN","CIN",3,162,651,5484,1386,142
"2255",2255,1997,"NL","SLN","STL",4,162,689,5524,1409,144
"2256",2256,1997,"NL","CHN","CHC",5,162,687,5489,1444,127
"2257",2257,1997,"NL","ATL","ATL",1,162,791,5528,1490,174
"2258",2258,1997,"NL","FLO","FLA",2,162,740,5439,1410,136
"2259",2259,1997,"NL","NYN","NYM",3,162,777,5524,1448,153
"2260",2260,1997,"NL","MON","WSN",4,162,691,5526,1423,172
"2261",2261,1997,"NL","PHI","PHI",5,162,668,5443,1390,116
"2262",2262,1997,"NL","SFN","SFG",1,162,784,5485,1415,172
"2263",2263,1997,"NL","LAN","LAD",2,162,742,5544,1488,174
"2264",2264,1997,"NL","COL","COL",3,162,923,5603,1611,239
"2265",2265,1997,"NL","SDN","SDP",4,162,795,5609,1519,152
"2266",2266,1998,"AL","CLE","CLE",1,162,850,5616,1530,198
"2267",2267,1998,"AL","CHA","CHW",2,163,861,5585,1516,198
"2268",2268,1998,"AL","KCA","KCR",3,161,714,5546,1459,134
"2269",2269,1998,"AL","MIN","MIN",4,162,734,5641,1499,115
"2270",2270,1998,"AL","DET","DET",5,162,722,5664,1494,165
"2271",2271,1998,"AL","NYA","NYY",1,162,965,5643,1625,207
"2272",2272,1998,"AL","BOS","BOS",2,162,876,5601,1568,205
"2273",2273,1998,"AL","TOR","TOR",3,163,816,5580,1482,221
"2274",2274,1998,"AL","BAL","BAL",4,162,817,5565,1520,214
"2275",2275,1998,"AL","TBA","TBD",5,162,620,5555,1450,111
"2276",2276,1998,"AL","TEX","TEX",1,162,940,5672,1637,201
"2277",2277,1998,"AL","ANA","ANA",2,162,787,5630,1530,147
"2278",2278,1998,"AL","SEA","SEA",3,161,859,5628,1553,234
"2279",2279,1998,"AL","OAK","OAK",4,162,804,5490,1413,149
"2280",2280,1998,"NL","HOU","HOU",1,162,874,5641,1578,166
"2281",2281,1998,"NL","CHN","CHC",2,163,831,5649,1494,212
"2282",2282,1998,"NL","SLN","STL",3,163,810,5593,1444,223
"2283",2283,1998,"NL","CIN","CIN",4,162,750,5496,1441,138
"2284",2284,1998,"NL","MIL","MIL",5,162,707,5541,1439,152
"2285",2285,1998,"NL","PIT","PIT",6,163,650,5493,1395,107
"2286",2286,1998,"NL","ATL","ATL",1,162,826,5484,1489,215
"2287",2287,1998,"NL","NYN","NYM",2,162,706,5510,1425,136
"2288",2288,1998,"NL","PHI","PHI",3,162,713,5617,1482,126
"2289",2289,1998,"NL","MON","WSN",4,162,644,5418,1348,147
"2290",2290,1998,"NL","FLO","FLA",5,162,667,5558,1381,114
"2291",2291,1998,"NL","SDN","SDP",1,162,749,5490,1390,167
"2292",2292,1998,"NL","SFN","SFG",2,163,845,5628,1540,161
"2293",2293,1998,"NL","LAN","LAD",3,162,669,5459,1374,159
"2294",2294,1998,"NL","COL","COL",4,162,826,5632,1640,183
"2295",2295,1998,"NL","ARI","ARI",5,162,665,5491,1353,159
"2296",2296,1999,"AL","CLE","CLE",1,162,1009,5634,1629,209
"2297",2297,1999,"AL","CHA","CHW",2,162,777,5644,1563,162
"2298",2298,1999,"AL","DET","DET",3,161,747,5481,1433,212
"2299",2299,1999,"AL","KCA","KCR",4,161,856,5624,1584,151
"2300",2300,1999,"AL","MIN","MIN",5,161,686,5495,1450,105
"2301",2301,1999,"AL","NYA","NYY",1,162,900,5568,1568,193
"2302",2302,1999,"AL","BOS","BOS",2,162,836,5579,1551,176
"2303",2303,1999,"AL","TOR","TOR",3,162,883,5642,1580,212
"2304",2304,1999,"AL","BAL","BAL",4,162,851,5637,1572,203
"2305",2305,1999,"AL","TBA","TBD",5,162,772,5586,1531,145
"2306",2306,1999,"AL","TEX","TEX",1,162,945,5651,1653,230
"2307",2307,1999,"AL","OAK","OAK",2,162,893,5519,1430,235
"2308",2308,1999,"AL","SEA","SEA",3,162,859,5572,1499,244
"2309",2309,1999,"AL","ANA","ANA",4,162,711,5494,1404,158
"2310",2310,1999,"NL","HOU","HOU",1,162,823,5485,1463,168
"2311",2311,1999,"NL","CIN","CIN",2,163,865,5649,1536,209
"2312",2312,1999,"NL","PIT","PIT",3,161,775,5468,1417,171
"2313",2313,1999,"NL","SLN","STL",4,161,809,5570,1461,194
"2314",2314,1999,"NL","MIL","MIL",5,161,815,5582,1524,165
"2315",2315,1999,"NL","CHN","CHC",6,162,747,5482,1411,189
"2316",2316,1999,"NL","ATL","ATL",1,162,840,5569,1481,197
"2317",2317,1999,"NL","NYN","NYM",2,163,853,5572,1553,181
"2318",2318,1999,"NL","PHI","PHI",3,162,841,5598,1539,161
"2319",2319,1999,"NL","MON","WSN",4,162,718,5559,1473,163
"2320",2320,1999,"NL","FLO","FLA",5,162,691,5578,1465,128
"2321",2321,1999,"NL","ARI","ARI",1,162,908,5658,1566,216
"2322",2322,1999,"NL","SFN","SFG",2,162,872,5563,1507,188
"2323",2323,1999,"NL","LAN","LAD",3,162,793,5567,1480,187
"2324",2324,1999,"NL","SDN","SDP",4,162,710,5394,1360,153
"2325",2325,1999,"NL","COL","COL",5,162,906,5716,1644,223
"2326",2326,2000,"AL","CHA","CHW",1,162,978,5646,1615,216
"2327",2327,2000,"AL","CLE","CLE",2,162,950,5683,1639,221
"2328",2328,2000,"AL","DET","DET",3,162,823,5644,1553,177
"2329",2329,2000,"AL","KCA","KCR",4,162,879,5709,1644,150
"2330",2330,2000,"AL","MIN","MIN",5,162,748,5615,1516,116
"2331",2331,2000,"AL","NYA","NYY",1,161,871,5556,1541,205
"2332",2332,2000,"AL","BOS","BOS",2,162,792,5630,1503,167
"2333",2333,2000,"AL","TOR","TOR",3,162,861,5677,1562,244
"2334",2334,2000,"AL","BAL","BAL",4,162,794,5549,1508,184
"2335",2335,2000,"AL","TBA","TBD",5,161,733,5505,1414,162
"2336",2336,2000,"AL","OAK","OAK",1,161,947,5560,1501,239
"2337",2337,2000,"AL","SEA","SEA",2,162,907,5497,1481,198
"2338",2338,2000,"AL","ANA","ANA",3,162,864,5628,1574,236
"2339",2339,2000,"AL","TEX","TEX",4,162,848,5648,1601,173
"2340",2340,2000,"NL","SLN","STL",1,162,887,5478,1481,235
"2341",2341,2000,"NL","CIN","CIN",2,163,825,5635,1545,200
"2342",2342,2000,"NL","MIL","MIL",3,163,740,5563,1366,177
"2343",2343,2000,"NL","HOU","HOU",4,162,938,5570,1547,249
"2344",2344,2000,"NL","PIT","PIT",5,162,793,5643,1506,168
"2345",2345,2000,"NL","CHN","CHC",6,162,764,5577,1426,183
"2346",2346,2000,"NL","ATL","ATL",1,162,810,5489,1490,179
"2347",2347,2000,"NL","NYN","NYM",2,162,807,5486,1445,198
"2348",2348,2000,"NL","FLO","FLA",3,161,731,5509,1441,160
"2349",2349,2000,"NL","MON","WSN",4,162,738,5535,1475,178
"2350",2350,2000,"NL","PHI","PHI",5,162,708,5511,1386,144
"2351",2351,2000,"NL","SFN","SFG",1,162,925,5519,1535,226
"2352",2352,2000,"NL","LAN","LAD",2,162,798,5481,1408,211
"2353",2353,2000,"NL","ARI","ARI",3,162,792,5527,1466,179
"2354",2354,2000,"NL","COL","COL",4,162,968,5660,1664,161
"2355",2355,2000,"NL","SDN","SDP",5,162,752,5560,1413,157
"2356",2356,2001,"AL","CLE","CLE",1,162,897,5600,1559,212
"2357",2357,2001,"AL","MIN","MIN",2,162,771,5560,1514,164
"2358",2358,2001,"AL","CHA","CHW",3,162,798,5464,1463,214
"2359",2359,2001,"AL","DET","DET",4,162,724,5537,1439,139
"2360",2360,2001,"AL","KCA","KCR",5,162,729,5643,1503,152
"2361",2361,2001,"AL","NYA","NYY",1,161,804,5577,1488,203
"2362",2362,2001,"AL","BOS","BOS",2,161,772,5605,1493,198
"2363",2363,2001,"AL","TOR","TOR",3,162,767,5663,1489,195
"2364",2364,2001,"AL","BAL","BAL",4,162,687,5472,1359,136
"2365",2365,2001,"AL","TBA","TBD",5,162,672,5524,1426,121
"2366",2366,2001,"AL","SEA","SEA",1,162,927,5680,1637,169
"2367",2367,2001,"AL","OAK","OAK",2,162,884,5573,1469,199
"2368",2368,2001,"AL","ANA","ANA",3,162,691,5551,1447,158
"2369",2369,2001,"AL","TEX","TEX",4,162,890,5685,1566,246
"2370",2370,2001,"NL","HOU","HOU",1,162,847,5528,1500,208
"2371",2371,2001,"NL","SLN","STL",2,162,814,5450,1469,199
"2372",2372,2001,"NL","CHN","CHC",3,162,777,5406,1409,194
"2373",2373,2001,"NL","MIL","MIL",4,162,740,5488,1378,209
"2374",2374,2001,"NL","CIN","CIN",5,162,735,5583,1464,176
"2375",2375,2001,"NL","PIT","PIT",6,162,657,5398,1333,161
"2376",2376,2001,"NL","ATL","ATL",1,162,729,5498,1432,174
"2377",2377,2001,"NL","PHI","PHI",2,162,746,5497,1431,164
"2378",2378,2001,"NL","NYN","NYM",3,162,642,5459,1361,147
"2379",2379,2001,"NL","FLO","FLA",4,162,742,5542,1461,166
"2380",2380,2001,"NL","MON","WSN",5,162,670,5379,1361,131
"2381",2381,2001,"NL","ARI","ARI",1,162,818,5595,1494,208
"2382",2382,2001,"NL","SFN","SFG",2,162,799,5612,1493,235
"2383",2383,2001,"NL","LAN","LAD",3,162,758,5493,1399,206
"2384",2384,2001,"NL","SDN","SDP",4,162,789,5482,1379,161
"2385",2385,2001,"NL","COL","COL",5,162,923,5690,1663,213
"2386",2386,2002,"AL","MIN","MIN",1,161,768,5582,1518,167
"2387",2387,2002,"AL","CHA","CHW",2,162,856,5502,1475,217
"2388",2388,2002,"AL","CLE","CLE",3,162,739,5423,1349,192
"2389",2389,2002,"AL","KCA","KCR",4,162,737,5535,1415,140
"2390",2390,2002,"AL","DET","DET",5,161,575,5406,1340,124
"2391",2391,2002,"AL","NYA","NYY",1,161,897,5601,1540,223
"2392",2392,2002,"AL","BOS","BOS",2,162,859,5640,1560,177
"2393",2393,2002,"AL","TOR","TOR",3,162,813,5581,1457,187
"2394",2394,2002,"AL","BAL","BAL",4,162,667,5491,1353,165
"2395",2395,2002,"AL","TBA","TBD",5,161,673,5604,1418,133
"2396",2396,2002,"AL","OAK","OAK",1,162,800,5558,1450,205
"2397",2397,2002,"AL","ANA","ANA",2,162,851,5678,1603,152
"2398",2398,2002,"AL","SEA","SEA",3,162,814,5569,1531,152
"2399",2399,2002,"AL","TEX","TEX",4,162,843,5618,1510,230
"2400",2400,2002,"NL","SLN","STL",1,162,787,5505,1475,175
"2401",2401,2002,"NL","HOU","HOU",2,162,749,5503,1441,167
"2402",2402,2002,"NL","CIN","CIN",3,162,709,5470,1386,169
"2403",2403,2002,"NL","PIT","PIT",4,161,641,5330,1300,142
"2404",2404,2002,"NL","CHN","CHC",5,162,706,5496,1351,200
"2405",2405,2002,"NL","MIL","MIL",6,162,627,5415,1369,139
"2406",2406,2002,"NL","ATL","ATL",1,161,708,5495,1428,164
"2407",2407,2002,"NL","MON","WSN",2,162,735,5479,1432,162
"2408",2408,2002,"NL","PHI","PHI",3,161,710,5523,1428,165
"2409",2409,2002,"NL","FLO","FLA",4,162,699,5496,1433,146
"2410",2410,2002,"NL","NYN","NYM",5,161,690,5496,1409,160
"2411",2411,2002,"NL","ARI","ARI",1,162,819,5508,1471,165
"2412",2412,2002,"NL","SFN","SFG",2,162,783,5497,1465,198
"2413",2413,2002,"NL","LAN","LAD",3,162,713,5554,1464,155
"2414",2414,2002,"NL","COL","COL",4,162,778,5512,1508,152
"2415",2415,2002,"NL","SDN","SDP",5,162,662,5515,1393,136
"2416",2416,2003,"AL","MIN","MIN",1,162,801,5655,1567,155
"2417",2417,2003,"AL","CHA","CHW",2,162,791,5487,1445,220
"2418",2418,2003,"AL","KCA","KCR",3,162,836,5568,1526,162
"2419",2419,2003,"AL","CLE","CLE",4,162,699,5572,1413,158
"2420",2420,2003,"AL","DET","DET",5,162,591,5466,1312,153
"2421",2421,2003,"AL","NYA","NYY",1,163,877,5605,1518,230
"2422",2422,2003,"AL","BOS","BOS",2,162,961,5769,1667,238
"2423",2423,2003,"AL","TOR","TOR",3,162,894,5661,1580,190
"2424",2424,2003,"AL","BAL","BAL",4,163,743,5665,1516,152
"2425",2425,2003,"AL","TBA","TBD",5,162,715,5654,1501,137
"2426",2426,2003,"AL","OAK","OAK",1,162,768,5497,1398,176
"2427",2427,2003,"AL","SEA","SEA",2,162,795,5561,1509,139
"2428",2428,2003,"AL","ANA","ANA",3,162,736,5487,1473,150
"2429",2429,2003,"AL","TEX","TEX",4,162,826,5664,1506,239
"2430",2430,2003,"NL","CHN","CHC",1,162,724,5519,1431,172
"2431",2431,2003,"NL","HOU","HOU",2,162,805,5583,1466,191
"2432",2432,2003,"NL","SLN","STL",3,162,876,5672,1580,196
"2433",2433,2003,"NL","PIT","PIT",4,162,753,5581,1492,163
"2434",2434,2003,"NL","CIN","CIN",5,162,694,5509,1349,182
"2435",2435,2003,"NL","MIL","MIL",6,162,714,5548,1423,196
"2436",2436,2003,"NL","ATL","ATL",1,162,907,5670,1608,235
"2437",2437,2003,"NL","FLO","FLA",2,162,751,5490,1459,157
"2438",2438,2003,"NL","PHI","PHI",3,162,791,5543,1448,166
"2439",2439,2003,"NL","MON","WSN",4,162,711,5437,1404,144
"2440",2440,2003,"NL","NYN","NYM",5,161,642,5341,1317,124
"2441",2441,2003,"NL","SFN","SFG",1,161,755,5456,1440,180
"2442",2442,2003,"NL","LAN","LAD",2,162,574,5458,1328,124
"2443",2443,2003,"NL","ARI","ARI",3,162,717,5570,1467,152
"2444",2444,2003,"NL","COL","COL",4,162,853,5518,1472,198
"2445",2445,2003,"NL","SDN","SDP",5,162,678,5531,1442,128
"2446",2446,2004,"AL","MIN","MIN",1,162,780,5623,1494,191
"2447",2447,2004,"AL","CHA","CHW",2,162,865,5534,1481,242
"2448",2448,2004,"AL","CLE","CLE",3,162,858,5676,1565,184
"2449",2449,2004,"AL","DET","DET",4,162,827,5623,1531,201
"2450",2450,2004,"AL","KCA","KCR",5,162,720,5538,1432,150
"2451",2451,2004,"AL","NYA","NYY",1,162,897,5527,1483,242
"2452",2452,2004,"AL","BOS","BOS",2,162,949,5720,1613,222
"2453",2453,2004,"AL","BAL","BAL",3,162,842,5736,1614,169
"2454",2454,2004,"AL","TBA","TBD",4,161,714,5483,1416,145
"2455",2455,2004,"AL","TOR","TOR",5,161,719,5531,1438,145
"2456",2456,2004,"AL","ANA","ANA",1,162,836,5675,1603,162
"2457",2457,2004,"AL","OAK","OAK",2,162,793,5728,1545,189
"2458",2458,2004,"AL","TEX","TEX",3,162,860,5615,1492,227
"2459",2459,2004,"AL","SEA","SEA",4,162,698,5722,1544,136
"2460",2460,2004,"NL","SLN","STL",1,162,855,5555,1544,214
"2461",2461,2004,"NL","HOU","HOU",2,162,803,5468,1458,187
"2462",2462,2004,"NL","CHN","CHC",3,162,789,5628,1508,235
"2463",2463,2004,"NL","CIN","CIN",4,162,750,5518,1380,194
"2464",2464,2004,"NL","PIT","PIT",5,161,680,5483,1428,142
"2465",2465,2004,"NL","MIL","MIL",6,161,634,5483,1358,135
"2466",2466,2004,"NL","ATL","ATL",1,162,803,5570,1503,178
"2467",2467,2004,"NL","PHI","PHI",2,162,840,5643,1505,215
"2468",2468,2004,"NL","FLO","FLA",3,162,718,5486,1447,148
"2469",2469,2004,"NL","NYN","NYM",4,162,684,5532,1376,185
"2470",2470,2004,"NL","MON","WSN",5,162,635,5474,1361,151
"2471",2471,2004,"NL","LAN","LAD",1,162,761,5542,1450,203
"2472",2472,2004,"NL","SFN","SFG",2,162,850,5546,1500,183
"2473",2473,2004,"NL","SDN","SDP",3,162,768,5573,1521,139
"2474",2474,2004,"NL","COL","COL",4,162,833,5577,1531,202
"2475",2475,2004,"NL","ARI","ARI",5,162,615,5544,1401,135
"2476",2476,2005,"AL","CHA","CHW",1,162,741,5529,1450,200
"2477",2477,2005,"AL","CLE","CLE",2,162,790,5609,1522,207
"2478",2478,2005,"AL","MIN","MIN",3,162,688,5564,1441,134
"2479",2479,2005,"AL","DET","DET",4,162,723,5602,1521,168
"2480",2480,2005,"AL","KCA","KCR",5,162,701,5503,1445,126
"2481",2481,2005,"AL","NYA","NYY",1,162,886,5624,1552,229
"2482",2482,2005,"AL","BOS","BOS",2,162,910,5626,1579,199
"2483",2483,2005,"AL","TOR","TOR",3,162,775,5581,1480,136
"2484",2484,2005,"AL","BAL","BAL",4,162,729,5551,1492,189
"2485",2485,2005,"AL","TBA","TBD",5,162,750,5552,1519,157
"2486",2486,2005,"AL","LAA","ANA",1,162,761,5624,1520,147
"2487",2487,2005,"AL","OAK","OAK",2,162,772,5627,1476,155
"2488",2488,2005,"AL","TEX","TEX",3,162,865,5716,1528,260
"2489",2489,2005,"AL","SEA","SEA",4,162,699,5507,1408,130
"2490",2490,2005,"NL","SLN","STL",1,162,805,5538,1494,170
"2491",2491,2005,"NL","HOU","HOU",2,163,693,5462,1400,161
"2492",2492,2005,"NL","MIL","MIL",3,162,726,5448,1413,175
"2493",2493,2005,"NL","CHN","CHC",4,162,703,5584,1506,194
"2494",2494,2005,"NL","CIN","CIN",5,163,820,5565,1453,222
"2495",2495,2005,"NL","PIT","PIT",6,162,680,5573,1445,139
"2496",2496,2005,"NL","ATL","ATL",1,162,769,5486,1453,184
"2497",2497,2005,"NL","PHI","PHI",2,162,807,5542,1494,167
"2498",2498,2005,"NL","FLO","FLA",3,162,717,5502,1499,128
"2499",2499,2005,"NL","NYN","NYM",3,162,722,5505,1421,175
"2500",2500,2005,"NL","WAS","WSN",5,162,639,5426,1367,117
"2501",2501,2005,"NL","SDN","SDP",1,162,684,5502,1416,130
"2502",2502,2005,"NL","ARI","ARI",2,162,696,5550,1419,191
"2503",2503,2005,"NL","SFN","SFG",3,162,649,5462,1427,128
"2504",2504,2005,"NL","LAN","LAD",4,162,685,5433,1374,149
"2505",2505,2005,"NL","COL","COL",5,162,740,5542,1477,150
"2506",2506,2006,"AL","MIN","MIN",1,162,801,5602,1608,143
"2507",2507,2006,"AL","DET","DET",2,162,822,5642,1548,203
"2508",2508,2006,"AL","CHA","CHW",3,162,868,5657,1586,236
"2509",2509,2006,"AL","CLE","CLE",4,162,870,5619,1576,196
"2510",2510,2006,"AL","KCA","KCR",5,162,757,5589,1515,124
"2511",2511,2006,"AL","NYA","NYY",1,162,930,5651,1608,210
"2512",2512,2006,"AL","TOR","TOR",2,162,809,5596,1591,199
"2513",2513,2006,"AL","BOS","BOS",3,162,820,5619,1510,192
"2514",2514,2006,"AL","BAL","BAL",4,162,768,5610,1556,164
"2515",2515,2006,"AL","TBA","TBD",5,162,689,5474,1395,190
"2516",2516,2006,"AL","OAK","OAK",1,162,771,5500,1429,175
"2517",2517,2006,"AL","LAA","ANA",2,162,766,5609,1539,159
"2518",2518,2006,"AL","TEX","TEX",3,162,835,5659,1571,183
"2519",2519,2006,"AL","SEA","SEA",4,162,756,5670,1540,172
"2520",2520,2006,"NL","SLN","STL",1,161,781,5522,1484,184
"2521",2521,2006,"NL","HOU","HOU",2,162,735,5521,1407,174
"2522",2522,2006,"NL","CIN","CIN",3,162,749,5515,1419,217
"2523",2523,2006,"NL","MIL","MIL",4,162,730,5433,1400,180
"2524",2524,2006,"NL","PIT","PIT",5,162,691,5558,1462,141
"2525",2525,2006,"NL","CHN","CHC",6,162,716,5587,1496,166
"2526",2526,2006,"NL","NYN","NYM",1,162,834,5558,1469,200
"2527",2527,2006,"NL","PHI","PHI",2,162,865,5687,1518,216
"2528",2528,2006,"NL","ATL","ATL",3,162,849,5583,1510,222
"2529",2529,2006,"NL","FLO","FLA",4,162,758,5502,1454,182
"2530",2530,2006,"NL","WAS","WSN",5,162,746,5495,1437,164
"2531",2531,2006,"NL","SDN","SDP",1,162,731,5576,1465,161
"2532",2532,2006,"NL","LAN","LAD",2,162,820,5628,1552,153
"2533",2533,2006,"NL","SFN","SFG",3,161,746,5472,1418,163
"2534",2534,2006,"NL","ARI","ARI",4,162,773,5645,1506,160
"2535",2535,2006,"NL","COL","COL",4,162,813,5562,1504,157
"2536",2536,2007,"AL","CLE","CLE",1,162,811,5604,1504,178
"2537",2537,2007,"AL","DET","DET",2,162,887,5757,1652,177
"2538",2538,2007,"AL","MIN","MIN",3,162,718,5522,1460,118
"2539",2539,2007,"AL","CHA","CHW",4,162,693,5441,1341,190
"2540",2540,2007,"AL","KCA","KCR",5,162,706,5534,1447,102
"2541",2541,2007,"AL","BOS","BOS",1,162,867,5589,1561,166
"2542",2542,2007,"AL","NYA","NYY",2,162,968,5717,1656,201
"2543",2543,2007,"AL","TOR","TOR",3,162,753,5536,1434,165
"2544",2544,2007,"AL","BAL","BAL",4,162,756,5631,1529,142
"2545",2545,2007,"AL","TBA","TBD",5,162,782,5593,1500,187
"2546",2546,2007,"AL","LAA","ANA",1,162,822,5554,1578,123
"2547",2547,2007,"AL","SEA","SEA",2,162,794,5684,1629,153
"2548",2548,2007,"AL","OAK","OAK",3,162,741,5577,1430,171
"2549",2549,2007,"AL","TEX","TEX",4,162,816,5555,1460,179
"2550",2550,2007,"NL","CHN","CHC",1,162,752,5643,1530,151
"2551",2551,2007,"NL","MIL","MIL",2,162,801,5554,1455,231
"2552",2552,2007,"NL","SLN","STL",3,162,725,5529,1513,141
"2553",2553,2007,"NL","HOU","HOU",4,162,723,5605,1457,167
"2554",2554,2007,"NL","CIN","CIN",5,162,783,5607,1496,204
"2555",2555,2007,"NL","PIT","PIT",6,162,724,5569,1463,148
"2556",2556,2007,"NL","PHI","PHI",1,162,892,5688,1558,213
"2557",2557,2007,"NL","NYN","NYM",2,162,804,5605,1543,177
"2558",2558,2007,"NL","ATL","ATL",3,162,810,5689,1562,176
"2559",2559,2007,"NL","WAS","WSN",4,162,673,5520,1415,123
"2560",2560,2007,"NL","FLO","FLA",5,162,790,5627,1504,201
"2561",2561,2007,"NL","ARI","ARI",1,162,712,5398,1350,171
"2562",2562,2007,"NL","COL","COL",2,163,860,5691,1591,171
"2563",2563,2007,"NL","SDN","SDP",3,163,741,5612,1408,171
"2564",2564,2007,"NL","LAN","LAD",4,162,735,5613,1544,129
"2565",2565,2007,"NL","SFN","SFG",5,162,683,5538,1407,131
"2566",2566,2008,"AL","CHA","CHW",1,163,811,5553,1458,235
"2567",2567,2008,"AL","MIN","MIN",2,163,829,5641,1572,111
"2568",2568,2008,"AL","CLE","CLE",3,162,805,5543,1455,171
"2569",2569,2008,"AL","KCA","KCR",4,162,691,5608,1507,120
"2570",2570,2008,"AL","DET","DET",5,162,821,5641,1529,200
"2571",2571,2008,"AL","TBA","TBD",1,162,774,5541,1443,180
"2572",2572,2008,"AL","BOS","BOS",2,162,845,5596,1565,173
"2573",2573,2008,"AL","NYA","NYY",3,162,789,5572,1512,180
"2574",2574,2008,"AL","TOR","TOR",4,162,714,5503,1453,126
"2575",2575,2008,"AL","BAL","BAL",5,161,782,5559,1486,172
"2576",2576,2008,"AL","LAA","ANA",1,162,765,5540,1486,159
"2577",2577,2008,"AL","TEX","TEX",2,162,901,5728,1619,194
"2578",2578,2008,"AL","OAK","OAK",3,161,646,5451,1318,125
"2579",2579,2008,"AL","SEA","SEA",4,162,671,5643,1498,124
"2580",2580,2008,"NL","CHN","CHC",1,161,855,5588,1552,184
"2581",2581,2008,"NL","MIL","MIL",2,162,750,5535,1398,198
"2582",2582,2008,"NL","HOU","HOU",3,161,712,5451,1432,167
"2583",2583,2008,"NL","SLN","STL",4,162,779,5636,1585,174
"2584",2584,2008,"NL","CIN","CIN",5,162,704,5465,1351,187
"2585",2585,2008,"NL","PIT","PIT",6,162,735,5628,1454,153
"2586",2586,2008,"NL","PHI","PHI",1,162,799,5509,1407,214
"2587",2587,2008,"NL","NYN","NYM",2,162,799,5606,1491,172
"2588",2588,2008,"NL","FLO","FLA",3,161,770,5499,1397,208
"2589",2589,2008,"NL","ATL","ATL",4,162,753,5604,1514,130
"2590",2590,2008,"NL","WAS","WSN",5,161,641,5491,1376,117
"2591",2591,2008,"NL","LAN","LAD",1,162,700,5506,1455,137
"2592",2592,2008,"NL","ARI","ARI",2,162,720,5409,1355,159
"2593",2593,2008,"NL","COL","COL",3,162,747,5557,1462,160
"2594",2594,2008,"NL","SFN","SFG",4,162,640,5543,1452,94
"2595",2595,2008,"NL","SDN","SDP",5,162,637,5568,1390,154
"2596",2596,2009,"AL","MIN","MIN",1,163,817,5608,1539,172
"2597",2597,2009,"AL","DET","DET",2,163,743,5540,1443,183
"2598",2598,2009,"AL","CHA","CHW",3,162,724,5463,1410,184
"2599",2599,2009,"AL","CLE","CLE",4,162,773,5568,1468,161
"2600",2600,2009,"AL","KCA","KCR",4,162,686,5532,1432,144
"2601",2601,2009,"AL","NYA","NYY",1,162,915,5660,1604,244
"2602",2602,2009,"AL","BOS","BOS",2,162,872,5543,1495,212
"2603",2603,2009,"AL","TBA","TBD",3,162,803,5462,1434,199
"2604",2604,2009,"AL","TOR","TOR",4,162,798,5696,1516,209
"2605",2605,2009,"AL","BAL","BAL",5,162,741,5618,1508,160
"2606",2606,2009,"AL","LAA","ANA",1,162,883,5622,1604,173
"2607",2607,2009,"AL","TEX","TEX",2,162,784,5526,1436,224
"2608",2608,2009,"AL","SEA","SEA",3,162,640,5543,1430,160
"2609",2609,2009,"AL","OAK","OAK",4,162,759,5584,1464,135
"2610",2610,2009,"NL","SLN","STL",1,162,730,5465,1436,160
"2611",2611,2009,"NL","CHN","CHC",2,161,707,5486,1398,161
"2612",2612,2009,"NL","MIL","MIL",3,162,785,5510,1447,182
"2613",2613,2009,"NL","CIN","CIN",4,162,673,5462,1349,158
"2614",2614,2009,"NL","HOU","HOU",5,162,643,5436,1415,142
"2615",2615,2009,"NL","PIT","PIT",6,161,636,5417,1364,125
"2616",2616,2009,"NL","PHI","PHI",1,162,820,5578,1439,224
"2617",2617,2009,"NL","FLO","FLA",2,162,772,5572,1493,159
"2618",2618,2009,"NL","ATL","ATL",3,162,735,5539,1459,149
"2619",2619,2009,"NL","NYN","NYM",4,162,671,5453,1472,95
"2620",2620,2009,"NL","WAS","WSN",5,162,710,5493,1416,156
"2621",2621,2009,"NL","LAN","LAD",1,162,780,5592,1511,145
"2622",2622,2009,"NL","COL","COL",2,162,804,5398,1408,190
"2623",2623,2009,"NL","SFN","SFG",3,162,657,5493,1411,122
"2624",2624,2009,"NL","SDN","SDP",4,162,638,5425,1315,141
"2625",2625,2009,"NL","ARI","ARI",5,162,720,5565,1408,173
"2626",2626,2010,"AL","MIN","MIN",1,162,781,5568,1521,142
"2627",2627,2010,"AL","CHA","CHW",2,162,752,5484,1467,177
"2628",2628,2010,"AL","DET","DET",3,162,751,5643,1515,152
"2629",2629,2010,"AL","CLE","CLE",4,162,646,5487,1362,128
"2630",2630,2010,"AL","KCA","KCR",5,162,676,5604,1534,121
"2631",2631,2010,"AL","TBA","TBD",1,162,802,5439,1343,160
"2632",2632,2010,"AL","NYA","NYY",2,162,859,5567,1485,201
"2633",2633,2010,"AL","BOS","BOS",3,162,818,5646,1511,211
"2634",2634,2010,"AL","TOR","TOR",4,162,755,5495,1364,257
"2635",2635,2010,"AL","BAL","BAL",5,162,613,5554,1440,133
"2636",2636,2010,"AL","TEX","TEX",1,162,787,5635,1556,162
"2637",2637,2010,"AL","OAK","OAK",2,162,663,5448,1396,109
"2638",2638,2010,"AL","LAA","ANA",3,162,681,5488,1363,155
"2639",2639,2010,"AL","SEA","SEA",4,162,513,5409,1274,101
"2640",2640,2010,"NL","CIN","CIN",1,162,790,5579,1515,188
"2641",2641,2010,"NL","SLN","STL",2,162,736,5542,1456,150
"2642",2642,2010,"NL","MIL","MIL",3,162,750,5606,1471,182
"2643",2643,2010,"NL","HOU","HOU",4,162,611,5452,1348,108
"2644",2644,2010,"NL","CHN","CHC",5,162,685,5512,1414,149
"2645",2645,2010,"NL","PIT","PIT",6,162,587,5386,1303,126
"2646",2646,2010,"NL","PHI","PHI",1,162,772,5581,1451,166
"2647",2647,2010,"NL","ATL","ATL",2,162,738,5463,1411,139
"2648",2648,2010,"NL","FLO","FLA",3,162,719,5531,1403,152
"2649",2649,2010,"NL","NYN","NYM",4,162,656,5465,1361,128
"2650",2650,2010,"NL","WAS","WSN",5,162,655,5418,1355,149
"2651",2651,2010,"NL","SFN","SFG",1,162,697,5488,1411,162
"2652",2652,2010,"NL","SDN","SDP",2,162,665,5434,1338,132
"2653",2653,2010,"NL","COL","COL",3,162,770,5530,1452,173
"2654",2654,2010,"NL","LAN","LAD",4,162,667,5426,1368,120
"2655",2655,2010,"NL","ARI","ARI",5,162,713,5473,1366,180
"2656",2656,2011,"AL","DET","DET",1,162,787,5563,1540,169
"2657",2657,2011,"AL","CLE","CLE",2,162,704,5509,1380,154
"2658",2658,2011,"AL","CHA","CHW",3,162,654,5502,1387,154
"2659",2659,2011,"AL","KCA","KCR",4,162,730,5672,1560,129
"2660",2660,2011,"AL","MIN","MIN",5,162,619,5487,1357,103
"2661",2661,2011,"AL","NYA","NYY",1,162,867,5518,1452,222
"2662",2662,2011,"AL","TBA","TBD",2,162,707,5436,1324,172
"2663",2663,2011,"AL","BOS","BOS",3,162,875,5710,1600,203
"2664",2664,2011,"AL","TOR","TOR",4,162,743,5559,1384,186
"2665",2665,2011,"AL","BAL","BAL",5,162,708,5585,1434,191
"2666",2666,2011,"AL","TEX","TEX",1,162,855,5659,1599,210
"2667",2667,2011,"AL","LAA","ANA",2,162,667,5513,1394,155
"2668",2668,2011,"AL","OAK","OAK",3,162,645,5452,1330,114
"2669",2669,2011,"AL","SEA","SEA",4,162,556,5421,1263,109
"2670",2670,2011,"NL","MIL","MIL",1,162,721,5447,1422,185
"2671",2671,2011,"NL","SLN","STL",2,162,762,5532,1513,162
"2672",2672,2011,"NL","CIN","CIN",3,162,735,5612,1438,183
"2673",2673,2011,"NL","PIT","PIT",4,162,610,5421,1325,107
"2674",2674,2011,"NL","CHN","CHC",5,162,654,5549,1423,148
"2675",2675,2011,"NL","HOU","HOU",6,162,615,5598,1442,95
"2676",2676,2011,"NL","PHI","PHI",1,162,713,5579,1409,153
"2677",2677,2011,"NL","ATL","ATL",2,162,641,5528,1345,173
"2678",2678,2011,"NL","WAS","WSN",3,161,624,5441,1319,154
"2679",2679,2011,"NL","NYN","NYM",4,162,718,5600,1477,108
"2680",2680,2011,"NL","FLO","FLA",5,162,625,5508,1358,149
"2681",2681,2011,"NL","ARI","ARI",1,162,731,5421,1357,172
"2682",2682,2011,"NL","SFN","SFG",2,162,570,5486,1327,121
"2683",2683,2011,"NL","LAN","LAD",3,161,644,5436,1395,117
"2684",2684,2011,"NL","COL","COL",4,162,735,5544,1429,163
"2685",2685,2011,"NL","SDN","SDP",5,162,593,5417,1284,91
"2686",2686,2012,"AL","DET","DET",1,162,726,5476,1467,163
"2687",2687,2012,"AL","CHA","CHW",2,162,748,5518,1409,211
"2688",2688,2012,"AL","KCA","KCR",3,162,676,5636,1492,131
"2689",2689,2012,"AL","CLE","CLE",4,162,667,5525,1385,136
"2690",2690,2012,"AL","MIN","MIN",5,162,701,5562,1448,131
"2691",2691,2012,"AL","NYA","NYY",1,162,804,5524,1462,245
"2692",2692,2012,"AL","BAL","BAL",2,162,712,5560,1375,214
"2693",2693,2012,"AL","TBA","TBD",3,162,697,5398,1293,175
"2694",2694,2012,"AL","TOR","TOR",4,162,716,5487,1346,198
"2695",2695,2012,"AL","BOS","BOS",5,162,734,5604,1459,165
"2696",2696,2012,"AL","OAK","OAK",1,162,713,5527,1315,195
"2697",2697,2012,"AL","TEX","TEX",2,162,808,5590,1526,200
"2698",2698,2012,"AL","LAA","ANA",3,162,767,5536,1518,187
"2699",2699,2012,"AL","SEA","SEA",4,162,619,5494,1285,149
"2700",2700,2012,"NL","CIN","CIN",1,162,669,5477,1377,172
"2701",2701,2012,"NL","SLN","STL",2,162,765,5622,1526,159
"2702",2702,2012,"NL","MIL","MIL",3,162,776,5557,1442,202
"2703",2703,2012,"NL","PIT","PIT",4,162,651,5412,1313,170
"2704",2704,2012,"NL","CHN","CHC",5,162,613,5411,1297,137
"2705",2705,2012,"NL","HOU","HOU",6,162,583,5407,1276,146
"2706",2706,2012,"NL","WAS","WSN",1,162,731,5615,1468,194
"2707",2707,2012,"NL","ATL","ATL",2,162,700,5425,1341,149
"2708",2708,2012,"NL","PHI","PHI",3,162,684,5544,1414,158
"2709",2709,2012,"NL","NYN","NYM",4,162,650,5450,1357,139
"2710",2710,2012,"NL","MIA","FLA",5,162,609,5437,1327,137
"2711",2711,2012,"NL","SFN","SFG",1,162,718,5558,1495,103
"2712",2712,2012,"NL","LAN","LAD",2,162,637,5438,1369,116
"2713",2713,2012,"NL","ARI","ARI",3,162,734,5462,1416,165
"2714",2714,2012,"NL","SDN","SDP",4,162,651,5422,1339,121
"2715",2715,2012,"NL","COL","COL",5,162,758,5577,1526,166
"2716",2716,2013,"AL","DET","DET",1,162,796,5735,1625,176
"2717",2717,2013,"AL","CLE","CLE",2,162,745,5465,1391,171
"2718",2718,2013,"AL","KCA","KCR",3,162,648,5549,1443,112
"2719",2719,2013,"AL","MIN","MIN",4,162,614,5564,1346,151
"2720",2720,2013,"AL","CHA","CHW",5,162,598,5563,1385,148
"2721",2721,2013,"AL","BOS","BOS",1,162,853,5651,1566,178
"2722",2722,2013,"AL","TBA","TBD",2,163,700,5538,1421,165
"2723",2723,2013,"AL","BAL","BAL",3,162,745,5620,1460,212
"2724",2724,2013,"AL","NYA","NYY",4,162,650,5449,1321,144
"2725",2725,2013,"AL","TOR","TOR",5,162,712,5537,1398,185
"2726",2726,2013,"AL","OAK","OAK",1,162,767,5521,1403,186
"2727",2727,2013,"AL","TEX","TEX",2,163,730,5585,1465,176
"2728",2728,2013,"AL","LAA","ANA",3,162,733,5588,1476,164
"2729",2729,2013,"AL","SEA","SEA",4,162,624,5558,1318,188
"2730",2730,2013,"AL","HOU","HOU",5,162,610,5457,1307,148
"2731",2731,2013,"NL","SLN","STL",1,162,783,5557,1494,125
"2732",2732,2013,"NL","PIT","PIT",2,162,634,5486,1345,161
"2733",2733,2013,"NL","CIN","CIN",3,162,698,5499,1370,155
"2734",2734,2013,"NL","MIL","MIL",4,162,640,5474,1381,157
"2735",2735,2013,"NL","CHN","CHC",5,162,602,5498,1307,172
"2736",2736,2013,"NL","ATL","ATL",1,162,688,5441,1354,181
"2737",2737,2013,"NL","WAS","WSN",2,162,656,5436,1365,161
"2738",2738,2013,"NL","NYN","NYM",4,162,619,5559,1318,130
"2739",2739,2013,"NL","PHI","PHI",4,162,610,5456,1355,140
"2740",2740,2013,"NL","MIA","FLA",5,162,513,5449,1257,95
"2741",2741,2013,"NL","LAN","LAD",1,162,649,5491,1447,138
"2742",2742,2013,"NL","ARI","ARI",2,162,685,5676,1468,130
"2743",2743,2013,"NL","SDN","SDP",3,162,618,5517,1349,146
"2744",2744,2013,"NL","SFN","SFG",4,162,629,5552,1446,107
"2745",2745,2013,"NL","COL","COL",5,162,706,5599,1511,159
